date,weekday,open_fmp,high_fmp,low_fmp,close_fmp,volume_fmp,open_db,high_db,low_db,close_db,range_db,vwap_db,d_close,volume_db,buy_volume_db,sell_volume_db,unclassified_volume_db,buy_pct_db,cross_price_db,cross_size_db,cross_pct_of_bar_db,volume_ex_cross_db,buy_volume_ex_cross_db,sell_volume_ex_cross_db,buy_pct_ex_cross_db,net_volume_ex_cross_db,trades_db,largest_print_db
2023-07-31,Mon,267.48,268.46,266.96,268.37,1072879.0,267.41,268.46,266.98,268.35,1.48,267.5102,0.02,429466,93306,335267,893,21.77,267.4,275595,64.17,153871,93306,59672,60.99,33634,2584,275595
2023-08-01,Tue,266.26,266.47,265.36,265.75,658004.0,266.26,266.47,265.36,265.77,1.11,266.2496,-0.02,321113,282556,38467,90,88.02,266.34,254995,79.41,66118,27561,38467,41.74,-10906,1448,254995
2023-08-02,Wed,255.57,256.0,255.04,255.0612,1220542.0,255.54,255.99,255.04,255.04,0.95,255.5759,0.0212,632693,546203,85777,713,86.43,255.6,485045,76.66,147648,61158,85777,41.62,-24619,3054,485045
2023-08-03,Thu,252.04,253.22,252.0,253.1701,852076.0,252.06,253.22,252.0,253.22,1.22,252.2814,-0.0499,371225,98339,272839,47,26.49,252.14,251248,67.68,119977,98339,21591,82.0,76748,1262,251248
2023-08-04,Fri,260.97,262.0,260.86,261.35,933012.0,260.87,262.0,260.87,261.35,1.13,261.117,0.0,407877,82389,324278,1210,20.26,261.0,268295,65.78,139582,82389,55983,59.54,26406,2159,268295
2023-08-07,Mon,251.45,252.9,251.1681,252.62,1029280.0,251.5,252.9,251.21,252.62,1.69,251.6032,0.0,446593,65381,379894,1318,14.68,251.44,332020,74.35,114573,65381,47874,57.73,17507,1972,332020
2023-08-08,Tue,247.45,248.96,247.17,248.7704,950246.0,247.47,248.94,247.16,248.73,1.78,247.6624,0.0404,414702,361005,52133,1564,87.38,247.59,272501,65.71,142201,88504,52133,62.93,36371,2214,272501
2023-08-09,Wed,250.87,251.1,249.525,249.56,708327.0,251.04,251.04,249.55,249.63,1.49,250.6476,-0.07,306324,36782,269351,191,12.02,250.87,190395,62.15,115929,36782,78956,31.78,-42174,2212,190395
2023-08-10,Thu,245.4,245.52,244.53,244.93,800354.0,245.38,245.54,244.53,244.91,1.01,245.2393,0.02,358840,38191,320123,526,10.66,245.31,271637,75.7,87203,38191,48486,44.06,-10295,1414,271637
2023-08-11,Fri,241.77,242.6,241.01,241.0825,1120595.0,241.82,242.6,241.01,241.11,1.59,241.7996,-0.0275,417921,67301,348928,1692,16.17,241.79,236990,56.71,180931,67301,111938,37.55,-44637,3420,236990
2023-08-14,Mon,235.7,236.04,234.09,234.1463,2046824.0,235.7,236.04,234.1,234.16,1.94,235.3661,-0.0137,964906,715226,247452,2228,74.3,235.5,624987,64.77,339919,90239,247452,26.72,-157213,7426,624987
2023-08-15,Tue,238.73,239.7898,238.57,239.4,811441.0,238.69,239.77,238.57,239.41,1.2,238.8671,-0.01,349990,57160,291635,1195,16.39,238.68,245832,70.24,104158,57160,45803,55.52,11357,2039,245832
2023-08-16,Wed,228.02,229.6,227.45,229.155,1772694.0,228.01,229.6,227.46,229.16,2.14,228.1187,-0.005,799396,96855,698930,3611,12.17,228.02,569474,71.24,229922,96855,129456,42.8,-32601,3902,569474
2023-08-17,Thu,226.06,226.74,225.82,226.025,1012092.0,226.16,226.72,225.85,226.01,0.87,226.1064,0.015,497776,60445,436256,1075,12.17,226.06,375509,75.44,122267,60445,60747,49.88,-302,1732,375509
2023-08-18,Fri,214.12,215.6,213.5,215.59,2248644.0,214.05,215.56,213.5,215.56,2.06,214.0102,0.03,1147811,997015,145137,5659,87.29,213.83,822612,71.67,325199,174403,145137,54.58,29266,3915,822612
2023-08-21,Mon,221.5512,221.66,220.95,221.23,1326645.0,221.66,221.69,220.95,221.19,0.74,221.4828,0.04,617244,71397,544680,1167,11.59,221.55,430319,69.72,186925,71397,114361,38.44,-42964,2860,430319
2023-08-22,Tue,240.25,240.82,238.56,238.715,2411519.0,240.28,240.83,238.56,238.7,2.27,240.0209,0.015,1137494,140640,980754,16100,12.54,240.21,736583,64.75,400911,140640,244171,36.55,-103531,5472,736583
2023-08-23,Wed,229.34,231.94,229.29,231.69,1447453.0,229.34,231.92,229.3,231.69,2.62,229.9003,0.0,608300,156353,450367,1580,25.77,229.34,367633,60.44,240667,156353,82734,65.4,73619,3728,367633
2023-08-24,Thu,238.66,238.92,237.38,238.4128,1103871.0,238.65,238.92,237.4,238.35,1.52,238.527,0.0628,514260,59499,453907,854,11.59,238.65,380034,73.9,134226,59499,73873,44.61,-14374,2560,380034
2023-08-25,Fri,231.31,232.78,230.93,232.44,864999.0,231.33,232.77,230.93,232.44,1.84,231.5166,0.0,298889,63410,235230,249,21.23,231.35,197643,66.13,101246,63410,37587,62.78,25823,1884,197643
2023-08-28,Mon,242.58,243.96,242.09,243.93,1438453.0,242.65,243.94,242.09,243.66,1.85,242.6743,0.27,625553,114055,509902,1596,18.28,242.53,410377,65.6,215176,114055,99525,53.4,14530,3053,410377
2023-08-29,Tue,238.58,239.23,238.23,238.417,831234.0,238.62,239.23,238.25,238.37,0.98,238.6577,0.047,341864,298279,42561,1024,87.51,238.61,256945,75.16,84919,41334,42561,49.27,-1227,1580,256945
2023-08-30,Wed,254.2,255.45,254.1,255.2,1214266.0,254.15,255.44,254.1,255.2,1.34,254.335,0.0,631450,121254,509316,880,19.23,254.18,473061,74.92,158389,121254,36255,76.98,84999,1782,473061
2023-08-31,Thu,255.98,256.9399,255.12,256.89,1102133.0,255.98,256.92,255.13,256.84,1.79,256.0212,0.05,444807,387373,56968,466,87.18,256.0,326478,73.4,118329,60895,56968,51.67,3927,2204,326478
2023-09-01,Fri,257.26,258.5488,256.68,258.4607,1327971.0,257.21,258.53,256.68,258.51,1.85,257.3735,-0.0493,511896,99600,410147,2149,19.54,257.23,326698,63.82,185198,99600,83449,54.41,16151,2556,326698
2023-09-05,Tue,245.0,246.3,244.86,246.275,1277102.0,245.0,246.29,244.85,246.26,1.44,245.0923,0.015,584878,527062,56270,1546,90.35,245.0,418601,71.57,166277,108461,56270,65.84,52191,3658,418601
2023-09-06,Wed,255.135,255.39,254.11,254.22,1023100.0,255.11,255.38,254.12,254.25,1.26,254.9204,-0.03,414156,39855,373834,467,9.63,255.0,308540,74.5,105616,39855,65294,37.9,-25439,1549,308540
2023-09-07,Thu,245.07,245.0999,243.7773,244.1978,1341271.0,245.07,245.16,243.77,244.13,1.39,244.7134,0.0678,621093,94208,525924,961,15.19,244.91,393166,63.3,227927,94208,132758,41.51,-38550,3924,393166
2023-09-08,Fri,251.22,252.2,250.31,252.039,1034900.0,251.24,252.2,250.32,252.03,1.88,251.2249,0.009,410958,108022,301159,1777,26.4,251.26,244898,59.59,166060,108022,56261,65.75,51761,2370,244898
2023-09-11,Mon,264.27,264.87,261.6787,262.1,2790495.0,264.13,264.82,261.7,262.16,3.12,264.0594,-0.06,1310713,215214,1084496,11003,16.56,264.34,857705,65.44,453008,215214,226791,48.69,-11577,6713,857705
2023-09-12,Tue,270.76,272.17,270.62,272.1465,1521044.0,270.77,272.16,270.61,272.16,1.55,271.0086,-0.0135,756461,690727,64274,1460,91.49,270.84,547390,72.36,209071,143337,64274,69.04,79063,3592,547390
2023-09-13,Wed,270.07,270.46,268.61,269.66,1232075.0,270.07,270.46,268.61,269.66,1.85,269.8504,0.0,559810,88884,470450,476,15.89,270.0,397244,70.96,162566,88884,73206,54.84,15678,2236,397244
2023-09-14,Thu,271.32,272.16,270.42,271.03,1397001.0,271.23,272.16,270.44,271.01,1.72,271.3532,0.02,570426,84338,485988,100,14.79,271.35,407021,71.35,163405,84338,78967,51.64,5371,3029,407021
2023-09-15,Fri,277.55,278.95,277.28,278.9075,3698284.0,277.55,278.94,277.29,278.94,1.65,277.8238,-0.0325,2931059,2874092,55909,1058,98.09,277.8,2685334,91.62,245725,188758,55909,77.15,132849,3626,2685334
2023-09-18,Mon,271.16,271.44,268.34,270.4,1720652.0,271.14,271.44,268.34,270.4,3.1,270.5001,0.0,735931,119241,612094,4596,16.3,271.0,399717,54.31,336214,119241,212377,35.96,-93136,6259,399717
2023-09-19,Tue,264.35,265.29,263.08,264.745,1141411.0,264.38,265.29,263.08,264.74,2.21,264.3026,0.005,452699,81501,371095,103,18.01,264.32,294237,65.0,158462,81501,76858,51.47,4643,2716,294237
2023-09-20,Wed,267.04,267.62,266.03,266.065,1022332.0,267.09,267.6,266.05,266.07,1.55,266.9926,-0.005,418120,41824,372427,3869,10.1,267.01,299502,71.63,118618,41824,72925,36.45,-31101,1805,299502
2023-09-21,Thu,257.85,259.63,257.0,259.63,1573942.0,257.71,259.66,257.0,259.66,2.66,258.0861,-0.03,620374,517432,102072,870,83.52,257.84,357355,57.6,263019,160077,102072,61.06,58005,3997,357355
2023-09-22,Fri,257.4,257.7888,256.53,256.648,1054838.0,257.4,257.78,256.55,256.6,1.23,257.3036,0.048,411970,67641,343291,1038,16.46,257.33,269016,65.3,142954,67641,74275,47.66,-6634,1742,269016
2023-09-25,Mon,243.38,243.65,242.52,242.545,1340720.0,243.39,243.63,242.52,242.52,1.11,243.3037,0.025,616597,533492,81496,1609,86.75,243.39,451487,73.22,165110,82005,81496,50.16,509,3048,451487
2023-09-26,Tue,242.98,243.6999,242.18,243.4791,1230506.0,243.02,243.69,242.17,243.51,1.52,242.8993,-0.0309,569833,86535,481732,1566,15.23,242.91,415346,72.89,154487,86535,66386,56.59,20149,1930,415346
2023-09-27,Wed,244.262,244.95,243.8,244.2199,966489.0,244.26,244.94,243.82,244.18,1.12,244.331,0.0399,403560,45161,356802,1597,11.24,244.32,278174,68.93,125386,45161,78628,36.48,-33467,2179,278174
2023-09-28,Thu,240.02,240.38,238.65,239.0006,987302.0,240.03,240.37,238.65,239.03,1.72,239.9943,-0.0294,395738,298778,96710,250,75.55,240.24,254618,64.34,141120,44160,96710,31.35,-52550,2534,254618
2023-09-29,Fri,250.0,250.2988,248.75,248.86,1309779.0,249.95,250.3,248.75,248.91,1.55,249.8947,-0.05,516776,409895,106072,809,79.44,250.0,313484,60.66,203292,96411,106072,47.61,-9661,2674,313484
2023-10-02,Mon,244.81,245.55,243.57,245.41,1520097.0,244.89,245.55,243.57,245.37,1.98,244.8685,0.04,635104,532544,101904,656,83.94,245.0,408416,64.31,226688,124128,101904,54.92,22224,3437,408416
2023-10-03,Tue,248.61,249.02,247.81,248.185,1056734.0,248.68,249.0,247.81,248.22,1.19,248.5416,-0.035,435896,72430,361874,1592,16.68,248.61,286395,65.7,149501,72430,75479,48.97,-3049,1803,286395
2023-10-04,Wed,248.14,248.68,247.6,248.25,823566.0,248.13,248.67,247.6,248.2,1.07,248.1666,0.05,270736,233863,36754,119,86.42,248.19,197430,72.92,73306,36433,36754,49.78,-321,1351,197430
2023-10-05,Thu,260.0,260.36,259.27,259.44,1088165.0,259.99,260.36,259.27,259.44,1.09,259.9028,0.0,416599,75728,339846,1025,18.22,259.93,272756,65.47,143843,75728,67090,53.02,8638,2202,272756
2023-10-06,Fri,253.98,254.32,253.33,254.1694,1245001.0,253.98,254.3,253.34,254.13,0.96,253.9358,0.0394,491110,410229,78738,2143,83.9,253.98,318880,64.93,172230,91349,78738,53.71,12611,2670,318880
2023-10-09,Mon,255.31,256.12,255.01,255.7397,1002606.0,255.31,256.12,255.01,255.71,1.11,255.2887,0.0297,418204,46482,370976,746,11.13,255.21,289031,69.11,129173,46482,81945,36.19,-35463,1777,289031
2023-10-10,Tue,257.75,258.98,257.65,258.4699,846822.0,257.84,258.97,257.65,258.46,1.32,257.9453,0.0099,298209,50975,246710,524,17.12,257.78,209705,70.32,88504,50975,37005,57.94,13970,1445,209705
2023-10-11,Wed,266.2,267.38,266.18,266.8901,1263044.0,266.21,267.35,266.18,266.94,1.17,266.38,-0.0499,397270,74990,321424,856,18.92,266.19,273611,68.87,123659,74990,47813,61.07,27177,2098,273611
2023-10-12,Thu,262.92,264.0,262.8,263.38,1059798.0,262.85,264.0,262.82,263.36,1.18,263.086,0.02,363882,318666,44679,537,87.7,262.93,242965,66.77,120917,75701,44679,62.89,31022,2087,242965
2023-10-13,Fri,258.9,259.6,258.5001,259.1627,830811.0,258.87,259.59,258.51,259.24,1.08,258.9611,-0.0773,259690,49148,209588,954,19.0,258.87,172887,66.57,86803,49148,36701,57.25,12447,1710,172887
2023-10-16,Mon,250.05,250.68,248.48,249.649,1279046.0,250.04,250.68,248.48,249.62,2.2,249.8759,0.029,615488,81142,533686,660,13.2,250.0,430534,69.95,184954,81142,103152,44.03,-22010,2932,430534
2023-10-17,Tue,250.1,251.08,249.96,250.2169,1013611.0,250.11,251.08,249.97,250.25,1.11,250.1759,-0.0331,404201,56122,345590,2489,13.97,250.05,249784,61.8,154417,56122,95806,36.94,-39684,2289,249784
2023-10-18,Wed,252.7,252.92,251.44,251.575,846961.0,252.75,252.92,251.44,251.59,1.48,252.409,-0.015,348414,42564,305749,101,12.22,252.66,198101,56.86,150313,42564,107648,28.34,-65084,2088,198101
2023-10-19,Thu,225.95,227.43,224.32,227.2699,3476866.0,225.9,227.4,224.33,227.21,3.07,225.6511,0.0599,1894689,242501,1638362,13826,12.89,225.82,1231702,65.01,662987,242501,406660,37.36,-164159,11832,1231702
2023-10-20,Fri,217.01,217.18,215.59,215.9599,2493796.0,216.95,217.12,215.59,215.86,1.53,216.8867,0.0999,1513517,102200,1394335,16982,6.83,217.01,1221890,80.73,291627,102200,172445,37.21,-70245,5449,1221890
2023-10-23,Mon,210.0,210.48,208.82,209.53,1617741.0,209.99,210.5,208.85,209.53,1.65,209.9351,0.0,847460,130267,715640,1553,15.4,210.0,604727,71.36,242733,130267,110913,54.01,19354,4141,604727
2023-10-24,Tue,216.5,216.779,215.7,216.065,1138825.0,216.56,216.76,215.7,216.08,1.06,216.3685,-0.015,561179,68012,490034,3133,12.19,216.45,420152,74.87,141027,68012,69882,49.32,-1870,2089,420152
2023-10-25,Wed,215.88,216.26,215.02,215.0744,782698.0,215.9,216.27,215.03,215.07,1.24,215.8367,0.0044,379571,292107,86645,819,77.12,215.97,242165,63.8,137406,49942,86645,36.56,-36703,2315,242165
2023-10-26,Thu,211.32,212.49,211.06,211.804,1211593.0,211.35,212.49,211.08,211.75,1.41,211.5701,0.054,488397,128181,357788,2428,26.38,211.4,302887,62.02,185510,128181,54901,70.01,73280,2528,302887
2023-10-27,Fri,210.6,212.18,210.505,211.34,1319890.0,210.61,212.15,210.53,211.38,1.62,210.9338,-0.04,520392,440569,79248,575,84.75,210.67,326272,62.7,194120,114297,79248,59.05,35049,2596,326272
2023-10-30,Mon,209.28,209.5,208.3,208.99,937178.0,209.28,209.5,208.3,208.99,1.2,209.1507,0.0,394805,61158,333253,394,15.51,209.28,265497,67.25,129308,61158,67756,47.44,-6598,2239,265497
2023-10-31,Tue,196.12,196.84,195.6,196.77,1279914.0,196.13,196.83,195.7,196.79,1.13,196.0522,-0.02,651892,72882,578125,885,11.2,196.0,526545,80.77,125347,72882,51580,58.56,21302,2502,526545
2023-11-01,Wed,204.04,204.73,203.65,203.695,1001160.0,204.04,204.73,203.65,203.67,1.08,204.0657,0.025,443163,44397,390451,8315,10.21,204.03,343915,77.6,99248,44397,46536,48.82,-2139,1673,343915
2023-11-02,Thu,212.97,213.78,212.26,212.3353,1923347.0,212.95,213.8,212.28,212.35,1.52,212.9702,-0.0147,923095,157267,763842,1986,17.07,212.93,650484,70.47,272611,157267,113358,58.11,43909,4052,650484
2023-11-03,Fri,221.15,222.5529,221.15,222.4888,1491146.0,221.16,222.55,221.16,222.52,1.39,221.3868,-0.0312,616758,106420,509299,1039,17.28,221.16,409202,66.35,207556,106420,100097,51.53,6323,3714,409202
2023-11-06,Mon,223.98,224.5,223.41,224.085,1130896.0,223.98,224.5,223.41,224.05,1.09,224.152,0.035,465208,419419,45330,459,90.25,224.2,335949,72.21,129259,83470,45330,64.81,38140,1850,335949
2023-11-07,Tue,219.98,220.9598,219.7,220.15,1012911.0,219.96,220.95,219.7,220.17,1.25,220.0719,-0.02,360795,331168,28991,636,91.95,219.98,249533,69.16,111262,81635,28991,73.79,52644,1615,249533
2023-11-08,Wed,223.15,224.15,222.9,223.75,1212002.0,223.16,224.15,222.9,223.75,1.25,223.3081,0.0,363841,69348,293678,815,19.1,223.07,220655,60.65,143186,69348,73023,48.71,-3675,2506,220655
2023-11-09,Thu,219.75,220.8,219.52,220.0201,971013.0,219.79,220.79,219.52,220.07,1.27,219.9253,-0.0499,391467,115769,275103,595,29.62,219.69,213023,54.42,178444,115769,62080,65.09,53689,3056,213023
2023-11-10,Fri,210.03,210.1,208.9,208.98,927041.0,210.06,210.1,208.91,208.93,1.19,209.8442,0.05,466075,53580,411731,764,11.51,209.95,355775,76.33,110300,53580,55956,48.92,-2376,2756,355775
2023-11-13,Mon,215.6,217.2,215.4,217.1291,1157141.0,215.59,217.2,215.43,217.03,1.77,215.8324,0.0991,444228,116148,326463,1617,26.24,215.55,266964,60.1,177264,116148,59499,66.13,56649,2372,266964
2023-11-14,Tue,235.03,235.39,233.5,233.865,2898907.0,235.1,235.39,233.5,233.85,1.89,234.8896,0.015,1349418,157357,1187261,4800,11.7,235.0,942152,69.82,407266,157357,245109,39.1,-87752,5662,942152
2023-11-15,Wed,239.29,239.75,237.55,237.96,1613545.0,239.18,239.77,237.58,237.96,2.19,239.1337,0.0,699942,538399,160658,885,77.02,239.5,442030,63.15,257912,96369,160658,37.49,-64289,4031,442030
2023-11-16,Thu,239.49,240.12,238.68,239.1833,1439445.0,239.53,240.12,238.68,239.26,1.44,239.4717,-0.0767,606314,120749,484510,1055,19.95,239.44,419022,69.11,187292,120749,65488,64.84,55261,2611,419022
2023-11-17,Fri,232.0,232.11,229.72,230.25,2118631.0,231.97,232.11,229.72,230.22,2.39,231.7744,0.03,1096629,895125,194975,6529,82.11,232.11,829501,75.64,267128,65624,194975,25.18,-129351,5330,829501
2023-11-20,Mon,234.04,234.3215,232.18,232.195,1402148.0,234.09,234.28,232.19,232.21,2.09,233.8428,-0.015,585612,57221,526646,1745,9.8,234.11,404498,69.07,181114,57221,122148,31.9,-64927,3086,404498
2023-11-21,Tue,235.04,235.76,233.84,233.8403,1236281.0,235.07,235.75,233.84,233.84,1.91,234.9473,0.0003,432886,58140,372777,1969,13.49,235.0,271948,62.82,160938,58140,100829,36.57,-42689,2877,271948
2023-11-22,Wed,242.04,243.45,241.3,243.4081,1369920.0,242.01,243.44,241.29,243.42,2.15,242.103,-0.0119,475588,128972,345974,642,27.16,242.0,295179,62.07,180409,128972,50795,71.74,78177,2036,295179
2023-11-24,Fri,233.75,234.21,232.901,233.0599,774455.0,233.77,234.21,232.91,233.04,1.3,233.7221,0.0199,356838,53861,302627,350,15.11,233.79,241305,67.62,115533,53861,61322,46.76,-7461,2187,241305
2023-11-27,Mon,236.89,237.8,236.52,237.33,1141696.0,236.84,237.8,236.5,237.37,1.3,236.9537,-0.04,412649,81671,329720,1258,19.85,236.86,276483,67.0,136166,81671,53237,60.54,28434,2314,276483
2023-11-28,Tue,236.68,238.08,236.66,237.2,1179105.0,236.72,238.07,236.68,237.2,1.39,237.103,0.0,388406,333008,54146,1252,86.01,236.79,238487,61.4,149919,94521,54146,63.58,40375,2389,238487
2023-11-29,Wed,249.21,249.48,247.79,247.93,4818916.0,249.22,249.43,247.79,247.91,1.64,248.9582,0.02,717485,73979,642152,1354,10.33,249.23,464012,64.67,253473,73979,178140,29.34,-104161,3347,464012
2023-11-30,Thu,245.14,245.22,243.16,243.45,3045735.0,245.14,245.21,243.2,243.49,2.01,244.815,-0.04,397457,302216,94831,410,76.12,245.19,245167,61.68,152290,57049,94831,37.56,-37782,2641,245167
2023-12-01,Fri,233.14,234.2799,233.0,234.16,1479750.0,233.04,234.26,233.03,234.18,1.23,233.266,-0.02,540267,433352,105276,1639,80.45,233.1,335355,62.07,204912,97997,105276,48.21,-7279,2497,335355
2023-12-04,Mon,235.75,236.7765,235.3335,235.9,1146832.0,235.72,236.76,235.33,235.97,1.43,235.8497,-0.07,527320,424897,99901,2522,80.96,235.75,330827,62.74,196493,94070,99901,48.5,-5831,3237,330827
2023-12-05,Tue,233.87,235.44,233.7,235.1821,1019622.0,233.85,235.43,233.71,235.14,1.72,234.0283,0.0421,381219,86089,286615,8515,23.1,233.77,255305,66.97,125914,86089,31310,73.33,54779,1538,255305
2023-12-06,Wed,242.92,244.23,242.7,244.04,1370900.0,242.9,244.22,242.7,243.98,1.52,243.2297,0.06,471518,126386,344791,341,26.82,243.0,286311,60.72,185207,126386,58480,68.37,67906,2478,286311
2023-12-07,Thu,241.55,242.4499,241.15,242.4499,1033485.0,241.65,242.45,241.16,242.45,1.29,241.5897,-0.0001,371719,50060,320700,959,13.5,241.55,265188,71.34,106531,50060,55512,47.42,-5452,1304,265188
2023-12-08,Fri,240.27,240.38,239.2701,240.13,968471.0,240.31,240.32,239.29,240.12,1.03,240.1093,0.01,310264,35520,274347,397,11.46,240.27,202115,65.14,108149,35520,72232,32.96,-36712,1910,202115
2023-12-11,Mon,242.74,243.441,241.9,242.115,1331541.0,242.79,243.43,241.9,242.12,1.53,242.6087,-0.005,562177,60410,499386,2381,10.79,242.65,383897,68.29,178280,60410,115489,34.34,-55079,2447,383897
2023-12-12,Tue,238.55,238.99,237.03,237.19,1054236.0,238.36,238.95,237.03,237.21,1.92,238.217,-0.02,443709,66757,376616,336,15.06,238.39,286677,64.61,157032,66757,89939,42.6,-23182,3037,286677
2023-12-13,Wed,234.19,235.45,234.0,235.19,1097337.0,234.16,235.45,234.0,235.24,1.45,234.3834,-0.05,448606,355771,91646,1189,79.52,234.26,252288,56.24,196318,103483,91646,53.03,11837,2168,252288
2023-12-14,Thu,241.22,242.34,240.79,242.2374,1453973.0,241.21,242.33,240.79,242.19,1.54,241.3625,0.0474,599506,513955,84440,1111,85.89,241.17,382169,63.75,217337,131786,84440,60.95,47346,3385,382169
2023-12-15,Fri,251.21,252.34,250.12,250.16,4759082.0,251.22,252.34,250.14,250.18,2.2,250.9581,-0.02,3873261,107005,3764263,1993,2.76,250.95,3656531,94.4,216730,107005,107732,49.83,-727,3607,3656531
2023-12-18,Mon,253.78,254.1,252.95,253.7785,1224781.0,253.81,254.1,253.0,253.82,1.1,253.7686,-0.0415,590847,75100,514815,932,12.73,253.9,409804,69.36,181043,75100,105011,41.7,-29911,3246,409804
2023-12-19,Tue,253.48,254.39,253.01,254.3286,1176186.0,253.45,254.39,253.02,254.36,1.37,253.6624,-0.0314,413361,353926,57059,2376,86.12,253.48,227380,55.01,185981,126546,57059,68.92,69487,2364,227380
2023-12-20,Wed,255.5,255.8,255.4,255.75,2561912.0,256.45,256.6,255.41,255.78,1.19,256.3234,-0.03,477284,375085,101699,500,78.67,256.47,307217,64.37,170067,67868,101699,40.02,-33831,2064,307217
2023-12-21,Thu,251.9,253.12,251.57,253.0401,1509000.0,251.87,253.1,251.55,253.04,1.55,252.04,0.0001,595330,532037,63066,227,89.4,251.91,384829,64.64,210501,147208,63066,70.01,84142,2154,384829
2023-12-22,Fri,256.76,257.74,255.95,257.37,3354242.0,256.71,257.7,255.92,257.4,1.78,256.7098,-0.03,473468,141889,327576,4003,30.22,256.7,266954,56.38,206514,141889,60622,70.06,81267,2744,266954
2023-12-26,Tue,254.49,255.16,254.26,254.91,1974930.0,254.46,255.14,254.27,254.9,0.87,254.5745,0.01,349715,107458,241862,395,30.76,254.43,211204,60.39,138511,107458,30658,77.8,76800,1750,211204
2023-12-27,Wed,258.35,259.15,257.52,259.1,2708052.0,258.27,259.15,257.53,259.1,1.62,258.3315,0.0,552463,159728,391448,1287,28.98,258.15,325982,59.01,226481,159728,65466,70.93,94262,3123,325982
2023-12-28,Thu,263.66,265.13,263.15,264.61,3654346.0,263.66,265.13,263.17,264.65,1.96,264.1133,-0.04,727641,279470,443336,4835,38.66,263.66,316281,43.47,411360,279470,127055,68.75,152415,5598,316281
2023-12-29,Fri,255.1,255.19,253.95,254.5543,910163.0,255.1,255.19,253.95,254.51,1.24,254.8416,0.0443,388968,83326,305262,380,21.44,255.03,217822,56.0,171146,83326,87440,48.8,-4114,2187,217822
2024-01-02,Tue,250.08,250.9,249.52,249.94,1448509.0,250.15,250.9,249.53,249.97,1.37,250.0414,-0.03,671669,80553,590390,726,12.01,250.0,510609,76.02,161060,80553,79781,50.24,772,2431,510609
2024-01-03,Wed,244.98,245.55,243.76,245.3601,1618236.0,245.0,245.55,243.75,245.42,1.8,244.8583,-0.0599,651308,539782,109027,2499,83.2,245.0,373942,57.41,277366,165840,109027,60.33,56813,3270,373942
2024-01-04,Thu,239.25,239.71,238.67,239.38,942960.0,239.16,239.72,238.65,239.41,1.07,239.1681,-0.03,383283,42113,40057,301113,51.25,239.15,300807,78.48,82476,42113,40057,51.25,2056,1624,300807
2024-01-05,Fri,236.86,237.57,236.11,237.31,1156911.0,236.86,237.57,236.11,237.29,1.46,236.9023,0.02,485378,390197,91487,3694,81.01,236.95,299850,61.78,185528,90347,91487,49.69,-1140,2563,299850
2024-01-08,Mon,236.14,236.26,235.37,235.6,1029171.0,236.24,236.28,235.37,235.7,0.91,235.9173,-0.1,400350,47122,351516,1712,11.82,235.98,287190,71.73,113160,47122,64326,42.28,-17204,1997,287190
2024-01-09,Tue,238.11,238.9646,237.75,238.3805,971229.0,238.22,238.96,237.75,238.35,1.21,238.2006,0.0305,421610,314527,106227,856,74.75,238.2,288054,68.32,133556,26473,106227,19.95,-79754,2124,288054
2024-01-10,Wed,235.1,235.5,234.3,235.2,1240466.0,235.1,235.49,234.27,235.2,1.22,235.1126,0.0,493615,124293,367963,1359,25.25,235.13,282459,57.22,211156,124293,85504,59.24,38789,3188,282459
2024-01-11,Thu,230.57,230.93,228.53,228.74,2232460.0,230.56,230.92,228.52,228.74,2.4,230.148,0.0,876141,543665,325389,7087,62.56,230.46,414244,47.28,461897,129421,325389,28.46,-195968,10305,414244
2024-01-12,Fri,220.08,221.4,219.6,220.945,2495338.0,220.07,221.4,219.6,220.96,1.8,220.0948,-0.015,1082783,786654,291975,4154,72.93,220.03,638155,58.94,444628,148499,291975,33.71,-143476,9414,638155
2024-01-16,Tue,215.1,215.37,214.02,215.35,1914381.0,215.1,215.36,214.03,215.33,1.33,214.9266,0.02,1022053,887550,132631,1872,87.0,215.0,784796,76.79,237257,102754,132631,43.65,-29877,4376,784796
2024-01-17,Wed,214.86,215.38,213.98,214.135,1452411.0,214.87,215.25,213.98,214.1,1.27,214.6372,0.035,684036,115664,566163,2209,16.96,214.73,438204,64.06,245832,115664,127959,47.48,-12295,3909,438204
2024-01-18,Thu,216.88,217.33,216.0,216.54,1222541.0,216.81,217.3,216.0,216.53,1.3,216.7694,0.01,669554,62792,605641,1121,9.39,216.83,468029,69.9,201525,62792,137612,31.33,-74820,2772,468029
2024-01-19,Fri,209.99,210.35,209.18,209.32,2025398.0,209.97,210.35,209.18,209.29,1.17,209.9688,0.03,1428522,1313502,113645,1375,92.04,210.0,1219478,85.37,209044,94024,113645,45.28,-19621,2876,1219478
2024-01-22,Mon,212.26,212.4956,211.15,212.155,1352306.0,212.26,212.44,211.13,212.12,1.31,212.1738,0.035,692306,554200,137115,991,80.17,212.25,490763,70.89,201543,63437,137115,31.63,-73678,5003,490763
2024-01-23,Tue,211.3,212.8,211.2206,212.6,1433424.0,211.34,212.79,211.26,212.59,1.53,211.5545,0.01,555045,488558,65793,694,88.13,211.33,361106,65.06,193939,127452,65793,65.95,61659,2772,361106
2024-01-24,Wed,211.88,212.36,211.0,211.55,1466308.0,211.86,212.36,211.0,211.57,1.36,211.6653,-0.02,705276,57871,646700,705,8.21,211.76,517588,73.39,187688,57871,129112,30.95,-71241,2480,517588
2024-01-25,Thu,189.7,189.8,187.77,189.5,4942901.0,189.7,189.79,187.77,189.47,2.02,189.4794,0.03,2712032,2216948,485058,10026,82.05,189.75,1919354,70.77,792678,297594,485058,38.02,-187464,15726,1919354
2024-01-26,Fri,185.5,186.3,184.51,184.96,2303675.0,185.48,186.3,184.51,184.96,1.79,185.5293,0.0,1210307,1032856,170117,7334,85.86,185.57,868153,71.73,342154,164703,170117,49.19,-5414,5343,868153
2024-01-29,Mon,185.63,185.96,185.0081,185.64,1617989.0,185.59,185.95,185.01,185.64,0.94,185.4902,0.0,777876,69357,707474,1045,8.93,185.5,605896,77.89,171980,69357,101578,40.58,-32221,3109,605896
2024-01-30,Tue,195.33,195.51,194.57,194.61,2052105.0,195.36,195.51,194.58,194.58,0.93,195.1722,0.03,1204177,188797,1009408,5972,15.76,195.23,813241,67.54,390936,188797,196167,49.04,-7370,5343,813241
2024-01-31,Wed,186.995,187.93,186.36,186.425,1277920.0,187.09,187.92,186.37,186.38,1.55,187.0388,0.045,688356,547694,137876,2786,79.89,187.0,421706,61.26,266650,125988,137876,47.75,-11888,3537,421706
2024-02-01,Thu,188.5,188.86,188.0,188.5374,1079702.0,188.37,188.86,188.01,188.54,0.85,188.4037,-0.0026,541346,63431,474478,3437,11.79,188.4,393243,72.64,148103,63431,81235,43.85,-17804,2177,393243
2024-02-02,Fri,185.04,185.39,184.21,184.95,1302895.0,185.07,185.37,184.21,184.98,1.16,184.9135,-0.03,611532,489899,118320,3313,80.55,184.99,408031,66.72,203501,81868,118320,40.9,-36452,3727,408031
2024-02-05,Mon,184.26,184.68,184.02,184.22,1178430.0,184.31,184.66,184.02,184.24,0.64,184.2036,-0.02,567508,453224,113031,1253,80.04,184.19,404739,71.32,162769,48485,113031,30.02,-64546,2552,404739
2024-02-06,Tue,177.21,178.5832,177.11,178.503,1410058.0,177.21,178.59,177.1,178.48,1.49,177.3907,0.023,794471,112958,678455,3058,14.27,177.23,577264,72.66,217207,112958,101191,52.75,11767,3127,577264
2024-02-07,Wed,188.18,188.88,187.35,188.148,1737602.0,188.2,188.88,187.35,188.16,1.53,188.0796,-0.012,879026,104599,773837,590,11.91,188.07,658742,74.94,220284,104599,115095,47.61,-10496,3560,658742
2024-02-08,Thu,189.0,189.0,187.66,187.773,856615.0,188.89,189.0,187.65,187.71,1.35,188.6513,0.063,423423,30131,392280,1012,7.13,188.83,296503,70.03,126920,30131,95777,23.93,-65646,2708,296503
2024-02-09,Fri,190.18,190.4738,189.83,190.0499,787932.0,190.21,190.44,189.83,189.99,0.61,190.1079,0.0599,404445,27876,376125,444,6.9,190.12,291297,72.02,113148,27876,84828,24.73,-56952,1793,291297
2024-02-12,Mon,192.11,193.02,192.04,192.8733,891142.0,192.12,193.02,192.02,192.87,1.0,192.277,0.0033,438868,392956,44790,1122,89.77,192.17,325611,74.19,113257,67345,44790,60.06,22555,1561,325611
2024-02-13,Tue,183.99,184.42,183.63,183.8401,1341095.0,183.99,184.43,183.61,183.85,0.82,183.9808,-0.0099,761654,94313,666743,598,12.39,184.02,498920,65.5,262734,94313,167823,35.98,-73510,3407,498920
2024-02-14,Wed,185.3,185.58,184.9501,185.329,753447.0,185.26,185.58,184.97,185.33,0.61,185.1713,-0.001,358152,278181,78425,1546,78.01,185.14,222131,62.02,136021,56050,78425,41.68,-22375,2206,222131
2024-02-15,Thu,189.16,189.74,188.8595,189.59,1037531.0,189.14,189.74,188.84,189.57,0.9,189.1187,0.02,531786,47870,483415,501,9.01,189.11,359077,67.52,172709,47870,124338,27.8,-76468,2087,359077
2024-02-16,Fri,202.06,202.43,200.5734,200.6,1838394.0,202.01,202.4,200.58,200.64,1.82,201.9819,-0.04,1134460,947506,181179,5775,83.95,202.11,846033,74.58,288427,101473,181179,35.9,-79706,4186,846033
2024-02-20,Tue,196.13,197.67,195.76,197.2678,1224343.0,196.15,197.66,196.0,197.25,1.66,196.3719,0.0178,608280,100642,506507,1131,16.58,196.21,439515,72.26,168765,100642,66992,60.04,33650,2646,439515
2024-02-21,Wed,193.36,194.43,192.7,194.43,1036517.0,193.33,194.41,193.0,194.38,1.41,193.5006,0.05,508369,453876,52468,2025,89.64,193.36,318870,62.72,189499,135006,52468,72.01,82538,2371,318870
2024-02-22,Thu,194.0,194.3,193.04,193.1,967773.0,194.01,194.29,193.04,193.12,1.25,193.9208,-0.02,561173,54122,505703,1348,9.67,194.0,426340,75.97,134833,54122,79363,40.55,-25241,2305,426340
2024-02-23,Fri,195.31,196.5099,194.61,196.3799,1087116.0,195.37,196.5,194.64,196.34,1.86,195.3416,0.0399,505862,77479,426495,1888,15.37,195.32,306880,60.66,198982,77479,119615,39.31,-42136,3268,306880
2024-02-26,Mon,192.29,194.18,192.0,194.07,1139426.0,192.22,194.18,192.0,194.1,2.18,192.5804,-0.03,507694,109765,396266,1663,21.69,192.24,329976,65.0,177718,109765,66290,62.35,43475,2481,329976
2024-02-27,Tue,204.04,205.19,203.1,205.15,1857638.0,204.07,205.18,203.55,205.18,1.63,204.1191,-0.03,830656,288272,538626,3758,34.86,203.77,422665,50.88,407991,288272,115961,71.31,172311,4838,422665
2024-02-28,Wed,200.42,201.35,200.05,200.93,1048977.0,200.42,201.34,200.04,200.96,1.3,200.4575,-0.03,355033,63874,290668,491,18.02,200.31,228324,64.31,126709,63874,62344,50.61,1530,2001,228324
2024-02-29,Thu,204.18,205.25,203.6,205.01,1390758.0,204.19,205.25,203.61,205.03,1.64,204.332,-0.02,648059,210944,433418,3697,32.74,204.17,343644,53.03,304415,210944,89774,70.15,121170,3568,343644
2024-03-01,Fri,200.52,201.29,200.0,201.11,860322.0,200.56,201.29,200.01,201.14,1.28,200.469,-0.03,381192,53842,325441,1909,14.2,200.5,258456,67.8,122736,53842,66985,44.56,-13143,1937,258456
2024-03-04,Mon,198.73,199.75,197.64,197.76,1784326.0,198.73,199.75,197.64,197.64,2.11,198.5684,0.12,875760,116789,754594,4377,13.4,198.61,508210,58.03,367550,116789,246384,32.16,-129595,4756,508210
2024-03-05,Tue,183.05,183.53,181.75,181.86,2313809.0,183.08,183.53,181.75,181.88,1.78,182.8687,-0.02,1215142,208565,996726,9851,17.3,183.0,787269,64.79,427873,208565,209457,49.89,-892,7054,787269
2024-03-06,Wed,179.99,181.58,179.54,179.58,1678982.0,179.97,181.55,179.54,179.61,2.01,180.2053,-0.03,773070,134120,637143,1807,17.39,180.0,490428,63.44,282642,134120,146715,47.76,-12595,4430,490428
2024-03-07,Thu,174.35,175.2,173.7,175.03,2001835.0,174.37,175.2,173.71,175.04,1.49,174.2325,-0.01,1134604,291927,836506,6171,25.87,174.3,698377,61.55,436227,291927,138129,67.88,153798,5300,698377
2024-03-08,Fri,181.5,182.73,181.3,181.59,1343423.0,181.5,182.72,181.32,181.6,1.4,181.6846,-0.01,693002,138256,553082,1664,20.0,181.5,450596,65.02,242406,138256,102486,57.43,35770,3540,450596
2024-03-11,Mon,175.45,175.97,174.8,174.87,1063819.0,175.46,175.97,174.82,174.87,1.15,175.3233,0.0,618831,47136,568809,2886,7.65,175.34,487781,78.82,131050,47136,81028,36.78,-33892,3871,487781
2024-03-12,Tue,177.77,177.96,177.02,177.09,1078856.0,177.71,177.95,177.02,177.12,0.93,177.6908,-0.03,550696,448795,101005,896,81.63,177.77,373353,67.8,177343,75442,101005,42.76,-25563,2567,373353
2024-03-13,Wed,173.05,173.9,173.0,173.27,1181826.0,173.1,173.9,173.0,173.27,0.9,173.1039,0.0,667397,81146,583944,2307,12.2,173.01,516293,77.36,151104,81146,67651,54.53,13495,2359,516293
2024-03-14,Thu,167.77,169.99,167.2,169.98,1977286.0,167.76,169.99,167.2,169.99,2.79,167.9008,-0.01,1056418,229739,822141,4538,21.84,167.59,718092,67.97,338326,229739,104049,68.83,125690,4974,718092
2024-03-15,Fri,163.16,164.13,162.55,164.03,3924167.0,163.4,164.13,162.55,164.03,1.58,162.6243,0.0,3121792,160568,2953429,7795,5.16,162.56,2876842,92.15,244950,160568,76587,67.71,83981,3171,2876842
2024-03-18,Mon,170.02,170.2,168.57,169.33,2034904.0,170.08,170.2,168.57,169.35,1.63,169.7683,-0.02,1111750,132904,967140,11706,12.08,170.0,780059,70.16,331691,132904,187081,41.53,-54177,3739,780059
2024-03-19,Tue,172.36,172.82,172.16,172.4,1028458.0,172.29,172.81,172.16,172.42,0.65,172.4013,-0.02,560156,489179,68497,2480,87.72,172.38,427623,76.34,132533,61556,68497,47.33,-6941,1791,427623
2024-03-20,Wed,173.0,173.17,172.25,172.74,687073.0,173.06,173.17,172.25,172.74,0.92,172.9395,0.0,346598,281980,64334,284,81.42,173.0,246919,71.24,99679,35061,64334,35.27,-29273,1849,246919
2024-03-21,Thu,176.39,176.95,176.06,176.75,1171492.0,176.38,176.93,176.06,176.75,0.87,176.4153,0.0,597664,470812,123361,3491,79.24,176.4,424637,71.05,173027,46175,123361,27.24,-77186,1814,424637
2024-03-22,Fri,166.69,167.87,166.3,167.79,1689218.0,166.65,167.86,166.28,167.8,1.58,166.6956,-0.01,815391,152720,654567,8104,18.92,166.61,547326,67.12,268065,152720,107241,58.75,45479,2737,547326
2024-03-25,Mon,168.76,169.69,168.73,169.28,997566.0,168.75,169.68,168.73,169.26,0.95,168.8231,0.02,577753,60711,516365,677,10.52,168.73,472092,81.71,105661,60711,44273,57.83,16438,1407,472092
2024-03-26,Tue,178.58,179.82,178.38,178.92,2537577.0,178.59,179.75,178.39,178.89,1.36,178.7615,0.03,1181621,251454,923176,6991,21.41,178.6,689791,58.38,491830,251454,233385,51.86,18069,5006,689791
2024-03-27,Wed,181.41,181.58,179.95,180.04,1196490.0,181.46,181.57,179.95,180.07,1.62,181.0797,-0.03,572818,49521,520320,2977,8.69,181.32,402312,70.23,170506,49521,118008,29.56,-68487,2006,402312
2024-03-28,Thu,177.45,178.12,177.03,177.5,1049602.0,177.4,178.12,177.02,177.41,1.1,177.4617,0.09,519441,102483,415755,1203,19.78,177.47,349965,67.37,169476,102483,65790,60.9,36693,1814,349965
2024-04-01,Mon,176.17,176.75,176.05,176.15,1181163.0,176.17,176.75,176.05,176.14,0.7,176.2455,0.01,616333,510927,100603,4803,83.55,176.2,434936,70.57,181397,75991,100603,43.03,-24612,1927,434936
2024-04-02,Tue,164.75,166.08,164.3,165.64,2639767.0,164.75,166.08,164.32,165.65,1.76,164.88,-0.01,1295085,1109004,176627,9454,86.26,164.75,858864,66.32,436221,250140,176627,58.61,73513,4479,858864
2024-04-03,Wed,164.02,165.63,163.98,164.64,1786614.0,164.01,165.63,164.0,164.67,1.63,164.2795,-0.03,959821,871473,81441,6907,91.45,164.11,737905,76.88,221916,133568,81441,62.12,52127,2611,737905
2024-04-04,Thu,170.07,170.74,169.8,170.03,1153447.0,170.05,170.73,169.8,170.0,0.93,170.0585,0.03,542551,79023,460286,3242,14.65,170.0,391152,72.09,151399,79023,69134,53.34,9889,2070,391152
2024-04-05,Fri,169.08,169.56,168.28,168.94,1326647.0,169.05,169.37,168.28,168.91,1.09,168.9029,0.03,633656,76920,555786,950,12.16,168.91,441737,69.71,191919,76920,114049,40.28,-37129,2478,441737
2024-04-08,Mon,169.34,169.68,168.05,168.09,1346800.0,169.35,169.67,168.05,168.1,1.62,169.1661,-0.01,742100,83399,655120,3581,11.29,169.29,522521,70.41,219579,83399,132599,38.61,-49200,2941,522521
2024-04-09,Tue,172.91,173.2,172.47,172.89,981922.0,172.91,173.21,172.48,172.86,0.73,172.9522,0.03,526902,64153,460821,1928,12.22,172.98,393541,74.69,133361,64153,67280,48.81,-3127,2237,393541
2024-04-10,Wed,173.04,174.09,172.68,173.67,1416029.0,173.06,174.09,172.69,173.68,1.4,173.1647,-0.01,719850,249873,464381,5596,34.98,173.01,355621,49.4,364229,249873,108760,69.67,141113,3076,355621
2024-04-11,Thu,172.55,173.36,171.81,173.31,999648.0,172.59,173.36,171.82,173.35,1.54,172.4708,-0.04,405600,130718,270176,4706,32.61,172.47,213588,52.66,192012,130718,56588,69.79,74130,1857,213588
2024-04-12,Fri,172.34,172.98,172.21,172.93,841257.0,172.29,172.95,172.22,172.81,0.73,172.4468,0.12,404931,339785,64415,731,84.06,172.39,257414,63.57,147517,82371,64415,56.12,17956,2006,257414
2024-04-15,Mon,170.24,170.69,169.37,169.69,1054347.0,170.2,170.7,169.39,169.68,1.31,170.1647,0.01,479751,372046,106165,1540,77.8,170.26,317036,66.08,162715,55010,106165,34.13,-51155,2739,317036
2024-04-16,Tue,156.74,156.9,155.65,155.98,2700719.0,156.82,156.9,155.65,156.0,1.25,156.6985,-0.02,1356082,1135834,212127,8121,84.26,156.89,1001625,73.86,354457,134209,212127,38.75,-77918,8233,1001625
2024-04-17,Wed,157.64,157.71,156.51,156.61,1152293.0,157.66,157.71,156.51,156.6,1.2,157.4556,0.01,529403,58913,467313,3177,11.2,157.62,359963,67.99,169440,58913,107350,35.43,-48437,3262,359963
2024-04-18,Thu,151.25,151.73,151.1,151.45,1496734.0,151.27,151.73,151.1,151.45,0.63,151.3087,0.0,794462,700977,90910,2575,88.52,151.29,608000,76.53,186462,92977,90910,50.56,2067,2741,608000
2024-04-19,Fri,148.97,149.77,148.35,149.69,1841650.0,148.95,149.77,148.35,149.67,1.42,149.0058,0.02,1284436,1223218,59972,1246,95.33,149.0,1168421,90.97,116015,54797,59972,47.75,-5175,2232,1168421
2024-04-22,Mon,140.56,141.35,139.62,140.33,3030359.0,140.57,141.35,139.63,140.28,1.72,140.4994,0.05,1596308,214527,1373668,8113,13.51,140.6,929017,58.2,667291,214527,444651,32.54,-230124,13351,929017
2024-04-23,Tue,143.33,144.0,142.89,143.04,1301571.0,143.32,143.99,142.88,143.03,1.11,143.2663,0.01,670997,77900,592335,762,11.62,143.22,527919,78.68,143078,77900,64416,54.74,13484,2244,527919
2024-04-24,Wed,162.84,164.57,162.52,164.49,4167760.0,162.92,164.57,162.53,164.51,2.04,163.1552,-0.02,1962647,1713536,245361,3750,87.47,163.0,1395950,71.13,566697,317586,245361,56.41,72225,6784,1395950
2024-04-25,Thu,158.96,159.04,158.36,158.78,2246812.0,158.98,159.09,158.36,158.79,0.73,158.9611,-0.01,1554815,341925,1203572,9318,22.12,159.0,1033340,66.46,521475,341925,170232,66.76,171693,4677,1033340
2024-04-26,Fri,168.85,169.88,168.29,169.47,1494408.0,168.89,169.88,168.31,169.47,1.57,168.9027,0.0,812917,95057,716546,1314,11.71,168.85,620486,76.33,192431,95057,96060,49.74,-1003,2679,620486
2024-04-29,Mon,188.42,188.49,185.67,186.16,4144813.0,188.39,188.48,185.67,186.24,2.81,187.8328,-0.08,1970531,257378,1702297,10856,13.13,188.35,1293400,65.64,677131,257378,408897,38.63,-151519,7912,1293400
2024-04-30,Tue,186.98,188.95,186.77,188.22,2251538.0,187.07,188.95,186.79,188.18,2.16,187.3403,0.04,1109725,970288,134665,4772,87.81,186.99,785004,70.74,324721,185284,134665,57.91,50619,3820,785004
2024-05-01,Wed,182.0,184.11,181.73,183.33,1462381.0,182.05,184.03,181.73,183.37,2.3,182.2424,-0.04,788882,740759,47733,390,93.95,181.98,608136,77.09,180746,132623,47733,73.53,84890,2612,608136
2024-05-02,Thu,182.86,183.79,182.29,183.78,792349.0,182.86,183.78,182.31,183.77,1.47,182.8459,0.01,383319,48463,334383,473,12.66,182.8,288976,75.39,94343,48463,45407,51.63,3056,1642,288976
2024-05-03,Fri,182.1,182.49,181.59,181.83,884713.0,182.12,182.48,181.59,181.84,0.89,182.0426,-0.01,436782,57534,378155,1093,13.21,182.0,283929,65.0,152853,57534,94226,37.91,-36692,2443,283929
2024-05-06,Mon,183.8,184.1,183.33,183.48,771966.0,183.82,184.02,183.33,183.5,0.69,183.8586,-0.02,380361,309142,68437,2782,81.87,183.96,251910,66.23,128451,57232,68437,45.54,-11205,1204,251910
2024-05-07,Tue,182.4,183.26,182.32,182.43,852427.0,182.5,183.26,182.32,182.38,0.94,182.601,0.05,386310,324839,60783,688,84.24,182.51,271620,70.31,114690,53219,60783,46.68,-7564,2417,271620
2024-05-08,Wed,171.59,171.78,170.68,171.02,2298265.0,171.6,171.78,170.67,171.01,1.11,171.2936,0.01,1135824,209028,905359,21437,18.76,171.5,603385,53.12,532439,209028,301974,40.91,-92946,5592,603385
2024-05-09,Thu,175.01,175.62,174.78,175.14,741890.0,175.04,175.61,174.78,175.07,0.83,175.0681,0.07,362115,58299,299831,3985,16.28,175.0,245729,67.86,116386,58299,54102,51.87,4197,2288,245729
2024-05-10,Fri,173.05,173.06,172.26,172.52,647585.0,173.03,173.07,172.25,172.53,0.82,172.906,-0.01,297769,226104,70806,859,76.15,173.05,187825,63.08,109944,38279,70806,35.09,-32527,2047,187825
2024-05-13,Mon,170.0,170.42,169.4,170.41,843935.0,169.97,170.42,169.42,170.37,1.0,169.9572,0.04,460748,71732,388525,491,15.59,170.0,337340,73.22,123408,71732,51185,58.36,20547,2092,337340
2024-05-14,Tue,174.5,175.8,174.07,175.55,1284202.0,174.59,175.78,174.09,175.61,1.69,174.6788,-0.06,552902,467078,82542,3282,84.98,174.57,301890,54.6,251012,165188,82542,66.68,82646,3601,301890
2024-05-15,Wed,179.9,180.0,178.12,178.58,1213589.0,179.96,180.02,178.12,178.57,1.9,179.5932,0.01,627514,104339,521853,1322,16.66,179.9,414606,66.07,212908,104339,107247,49.31,-2908,3313,414606
2024-05-16,Thu,174.1,174.24,173.13,173.17,728987.0,174.05,174.24,173.12,173.14,1.12,173.9909,0.03,403275,38301,362115,2859,9.57,174.18,250949,62.23,152326,38301,111166,25.63,-72865,2217,250949
2024-05-17,Fri,173.55,173.85,173.04,173.26,1093013.0,173.63,173.84,173.05,173.25,0.79,173.7254,0.01,704580,615773,86006,2801,87.74,173.8,576527,81.83,128053,39246,86006,31.33,-46760,2324,576527
2024-05-20,Mon,177.56,177.75,177.14,177.2,700695.0,177.62,177.79,177.14,177.23,0.65,177.5326,-0.03,422902,46373,375005,1524,11.01,177.56,286662,67.78,136240,46373,88343,34.42,-41970,2517,286662
2024-05-21,Tue,175.51,176.15,174.71,175.53,1094159.0,175.5,176.15,174.81,175.6,1.34,175.4864,-0.07,455452,388903,60062,6487,86.62,175.47,287002,63.01,168450,101901,60062,62.92,41839,2974,287002
2024-05-22,Wed,182.85,183.35,182.25,182.59,1302144.0,182.79,183.34,182.25,182.62,1.09,182.7552,-0.03,648596,83640,563454,1502,12.93,182.77,451602,69.63,196994,83640,111852,42.78,-28212,2917,451602
2024-05-23,Thu,181.8,181.9,180.35,180.4,1091528.0,181.8,181.9,180.39,180.4,1.51,181.5446,0.0,555812,447611,105667,2534,80.9,181.83,384854,69.24,170958,62757,105667,37.26,-42910,3235,384854
2024-05-24,Fri,174.84,174.89,173.81,174.33,690623.0,174.8,174.89,173.82,174.35,1.07,174.7138,-0.02,331713,270061,61333,319,81.49,174.88,246511,74.31,85202,23550,61333,27.74,-37783,2065,246511
2024-05-28,Tue,176.4,176.4,175.16,176.11,1234528.0,176.43,176.48,175.16,176.09,1.32,176.0659,0.02,613248,78215,533145,1888,12.79,176.27,400255,65.27,212993,78215,132890,37.05,-54675,3426,400255
2024-05-29,Wed,174.19,174.56,173.93,174.49,751511.0,174.11,174.55,173.94,174.5,0.61,174.1627,-0.01,424921,48725,375868,328,11.48,174.16,327722,77.13,97199,48725,48146,50.3,579,1715,327722
2024-05-30,Thu,178.58,179.06,178.18,178.97,846099.0,178.62,179.04,178.18,179.0,0.86,178.5932,-0.03,372129,60325,309828,1976,16.3,178.56,233091,62.64,139038,60325,76737,44.01,-16412,1980,233091
2024-05-31,Fri,178.5,178.75,178.0,178.27,590455.0,178.46,178.75,178.0,178.29,0.75,178.3612,-0.02,305339,37168,266411,1760,12.24,178.4,208607,68.32,96732,37168,57804,39.14,-20636,1430,208607
2024-06-03,Mon,178.13,178.37,177.52,177.71,809974.0,178.17,178.37,177.51,177.7,0.86,178.0187,0.01,450606,39805,410123,678,8.85,178.08,336160,74.6,114446,39805,73963,34.99,-34158,2293,336160
2024-06-04,Tue,174.78,175.64,174.42,175.03,959740.0,174.75,175.61,174.42,175.04,1.19,174.8328,-0.01,371208,298105,69390,3713,81.12,174.81,233522,62.91,137686,64583,69390,48.21,-4807,2026,233522
2024-06-05,Wed,175.35,175.35,174.36,174.56,945106.0,175.36,175.38,174.37,174.54,1.01,175.0937,0.02,405178,46074,358061,1043,11.4,175.3,242773,59.92,162405,46074,115288,28.55,-69214,2994,242773
2024-06-06,Thu,174.6,175.37,174.27,175.18,1038746.0,174.59,175.37,174.28,175.22,1.09,174.562,-0.04,498997,442290,55963,744,88.77,174.44,335317,67.2,163680,106973,55963,65.65,51010,2628,335317
2024-06-07,Fri,176.13,177.2,175.94,177.2,711430.0,176.23,177.2,175.92,177.2,1.28,176.3356,0.0,337889,286062,50427,1400,85.01,176.18,220704,65.32,117185,65358,50427,56.45,14931,2426,220704
2024-06-10,Mon,176.06,176.5,175.62,175.78,752107.0,176.07,176.5,175.63,175.89,0.87,176.004,-0.11,376364,62032,312978,1354,16.54,175.98,266229,70.74,110135,62032,46749,57.02,15283,2186,266229
2024-06-11,Tue,173.92,174.6,173.71,174.47,675495.0,173.9,174.59,173.72,174.43,0.87,173.925,0.04,354959,57281,293397,4281,16.33,173.89,250547,70.58,104412,57281,42850,57.21,14431,2530,250547
2024-06-12,Wed,171.12,171.55,170.18,170.72,978870.0,171.14,171.54,170.18,170.69,1.36,171.0191,0.03,502727,55161,446279,1287,11.0,171.15,343565,68.34,159162,55161,102714,34.94,-47553,3274,343565
2024-06-13,Thu,188.39,188.58,186.77,187.44,2682379.0,188.3,188.6,186.76,187.46,1.84,187.9989,-0.02,1427280,133070,1283804,10406,9.39,188.11,1043034,73.08,384246,133070,240770,35.6,-107700,4708,1043034
2024-06-14,Fri,185.8,186.0,184.81,185.5,1198929.0,185.83,186.0,184.81,185.52,1.19,185.7092,-0.02,628893,50185,572881,5827,8.05,185.78,493508,78.47,135385,50185,79373,38.74,-29188,2488,493508
2024-06-17,Mon,177.92,178.38,177.58,178.04,908656.0,177.95,178.38,177.58,178.11,0.8,177.906,-0.07,456558,66715,388872,971,14.64,177.9,338875,74.22,117683,66715,49997,57.16,16718,2443,338875
2024-06-18,Tue,186.56,187.2,186.09,186.53,1068224.0,186.57,187.2,186.09,186.53,1.11,186.4712,0.0,558259,86171,470640,1448,15.48,186.43,403933,72.36,154326,86171,66707,56.37,19464,2178,403933
2024-06-20,Thu,184.68,185.21,184.3,184.41,962345.0,184.74,185.21,184.3,184.44,0.91,184.6958,-0.03,591988,84551,506256,1181,14.31,184.68,467581,78.98,124407,84551,38675,68.61,45876,2522,467581
2024-06-21,Fri,182.3,182.4,181.6,181.83,3517465.0,182.3,182.4,181.6,181.77,0.8,182.1299,0.06,3158855,43270,3115039,546,1.37,182.13,3081290,97.54,77565,43270,33749,56.18,9521,1118,3081290
2024-06-24,Mon,184.97,185.74,184.3,185.61,1302110.0,184.99,185.73,184.31,185.68,1.42,184.9545,-0.07,492282,159286,326067,6929,32.82,184.89,253095,51.41,239187,159286,72972,68.58,86314,3332,253095
2024-06-25,Tue,184.4,184.75,183.71,184.59,690874.0,184.2,184.73,183.71,184.6,1.02,184.0533,-0.01,312592,36365,275742,485,11.65,184.05,237560,76.0,75032,36365,38182,48.78,-1817,1496,237560
2024-06-26,Wed,186.54,187.58,186.36,187.34,748762.0,186.55,187.57,186.36,187.31,1.21,186.7252,0.03,365081,323871,40987,223,88.77,186.6,246340,67.48,118741,77531,40987,65.42,36544,1950,246340
2024-06-27,Thu,195.17,195.71,194.75,195.59,1080711.0,195.23,195.71,194.76,195.59,0.95,195.2107,0.0,587290,50141,536729,420,8.54,195.19,425384,72.43,161906,50141,111345,31.05,-61204,2269,425384
2024-06-28,Fri,199.55,200.3,198.97,200.28,2095554.0,199.58,200.29,198.98,200.26,1.31,199.7922,0.02,1173518,1057471,103733,12314,91.07,199.64,412326,35.14,761192,645145,103733,86.15,541412,8983,412326
2024-07-01,Mon,201.02,202.38,200.85,201.93,1466274.0,201.08,202.38,200.87,201.93,1.51,201.2182,0.0,699817,136529,560625,2663,19.58,201.0,486327,69.49,213490,136529,74298,64.76,62231,3877,486327
2024-07-02,Tue,218.89,221.2,218.15,221.13,3808513.0,218.82,221.2,218.18,221.06,3.02,219.1059,0.07,2020039,426881,1579668,13490,21.27,218.8,1289942,63.86,730097,426881,289726,59.57,137155,9413,1289942
2024-07-03,Wed,234.56,235.6,234.25,235.54,2724369.0,234.57,235.6,234.23,235.59,1.37,234.6454,-0.05,1518358,234638,1281610,2110,15.47,234.55,1118357,73.66,400001,234638,163253,58.97,71385,5883,1118357
2024-07-05,Fri,249.81,252.37,249.61,252.09,3622209.0,249.89,252.37,249.65,252.0,2.72,250.2834,0.09,2120223,430708,1687035,2480,20.34,250.0,1548039,73.01,572184,430708,138996,75.6,291712,8169,1548039
2024-07-08,Mon,247.71,248.46,246.64,246.96,1554614.0,247.74,248.46,246.65,246.96,1.81,247.6319,0.0,789562,88738,698945,1879,11.27,247.65,568925,72.06,220637,88738,130020,40.56,-41282,3995,568925
2024-07-09,Tue,251.0,251.86,250.4,250.7,1278017.0,250.98,251.86,250.4,250.65,1.46,251.0275,0.05,604272,80183,522171,1918,13.31,251.0,424220,70.2,180052,80183,97951,45.01,-17768,2688,424220
2024-07-10,Wed,262.8,263.64,262.06,262.96,1751381.0,262.79,263.63,262.06,263.0,1.57,262.8011,-0.04,854591,124746,728490,1355,14.62,262.75,609761,71.35,244830,124746,118729,51.24,6017,3949,609761
2024-07-11,Thu,263.3,264.48,263.02,264.48,1487217.0,263.25,264.48,263.02,264.48,1.46,263.3269,0.0,752868,78543,667786,6539,10.52,263.26,568194,75.47,184674,78543,99592,44.09,-21049,3095,568194
2024-07-12,Fri,235.8,236.93,235.0,236.45,2496167.0,235.75,236.91,235.0,236.45,1.91,235.6656,0.0,1313859,202811,1104083,6965,15.52,235.6,936281,71.26,377578,202811,167802,54.72,35009,5059,936281
2024-07-15,Mon,255.97,256.03,254.22,254.6,1940239.0,256.02,256.03,254.22,254.66,1.81,255.5603,-0.06,1013113,101929,910364,820,10.07,255.8,726659,71.73,286454,101929,183705,35.69,-81776,4353,726659
2024-07-16,Tue,255.31,257.58,254.92,257.52,1427857.0,255.29,257.58,254.96,257.56,2.62,255.4638,-0.04,558249,95109,462053,1087,17.07,255.23,400706,71.78,157543,95109,61347,60.79,33762,3158,400706
2024-07-17,Wed,252.73,254.97,252.3,254.8,1336134.0,252.78,254.97,252.31,254.8,2.66,253.1489,0.0,582847,507399,71845,3603,87.6,252.88,425523,73.01,157324,81876,71845,53.26,10031,2448,425523
2024-07-18,Thu,251.09,252.65,250.54,251.86,1066859.0,251.2,252.65,250.54,251.86,2.11,251.3614,0.0,477278,114421,362585,272,23.99,251.09,316983,66.41,160295,114421,45602,71.5,68819,2554,316983
2024-07-19,Fri,247.79,248.5,246.58,247.32,1410515.0,247.81,248.5,246.58,247.38,1.92,247.8566,-0.06,937513,822586,114726,201,87.76,248.0,779431,83.14,158082,43155,114726,27.33,-71571,2234,779431
2024-07-22,Mon,244.21,244.97,243.75,244.85,1163065.0,244.18,244.97,243.75,244.84,1.22,244.3236,0.01,542095,471401,70566,128,86.98,244.3,393830,72.65,148265,77571,70566,52.36,7005,2432,393830
2024-07-23,Tue,253.6,255.09,252.85,254.9,1269676.0,253.52,255.09,252.86,254.93,2.23,253.6352,-0.03,569702,137322,431942,438,24.12,253.36,376447,66.08,193255,137322,55495,71.22,81827,3191,376447
2024-07-24,Wed,225.42,225.99,224.28,224.28,3203934.0,225.22,225.97,224.27,224.33,1.7,225.0297,-0.05,1616363,210533,1396702,9128,13.1,225.04,1105166,68.37,511197,210533,291536,41.93,-81003,7582,1105166
2024-07-25,Thu,216.8,218.73,216.23,218.52,1431741.0,216.82,218.73,216.23,218.46,2.5,216.9098,0.06,767716,131103,634690,1923,17.12,216.72,563289,73.37,204427,131103,71401,64.74,59702,3023,563289
2024-07-26,Fri,221.19,222.28,220.85,221.46,1071125.0,221.2,222.24,220.86,221.45,1.38,221.2407,0.01,540225,51623,483850,4752,9.64,221.19,419879,77.72,120346,51623,63971,44.66,-12348,1880,419879
2024-07-29,Mon,224.9,227.27,224.7,226.8,1737012.0,224.91,227.27,224.7,226.79,2.57,225.35,0.01,725650,628148,91607,5895,87.27,225.0,453060,62.44,272590,175088,91607,65.65,83481,3574,453060
2024-07-30,Tue,232.25,232.41,230.22,230.84,1067637.0,232.08,232.41,230.21,230.91,2.2,231.917,-0.07,495716,42573,452743,400,8.6,232.1,403985,81.5,91731,42573,48758,46.61,-6185,2208,403985
2024-07-31,Wed,227.9,228.38,226.79,227.86,977603.0,227.9,228.38,226.8,227.86,1.58,227.8617,0.0,465077,417409,42103,5565,90.84,227.89,360784,77.58,104293,56625,42103,57.35,14522,1838,360784
2024-08-01,Thu,227.69,228.65,227.23,227.71,742246.0,227.51,228.53,227.23,227.75,1.3,227.5902,-0.04,325061,34692,289292,1077,10.71,227.53,244419,75.19,80642,34692,44873,43.6,-10181,1692,244419
2024-08-02,Fri,214.88,215.03,212.44,214.6,1186154.0,214.79,215.03,212.47,214.5,2.56,214.6556,0.1,659879,564465,90756,4658,86.15,214.95,484650,73.45,175229,79815,90756,46.79,-10941,3437,484650
2024-08-05,Mon,185.22,185.46,182.0,182.11,2911983.0,185.15,185.47,182.0,182.07,3.47,184.7301,0.04,1809177,1605213,197882,6082,89.03,184.96,1431496,79.12,377681,173717,197882,46.75,-24165,6825,1431496
2024-08-06,Tue,200.75,201.23,199.03,199.73,977207.0,200.75,201.22,199.04,199.7,2.18,200.525,0.03,559871,55302,504187,382,9.88,200.72,419644,74.95,140227,55302,84543,39.55,-29241,2821,419644
2024-08-07,Wed,200.77,201.32,200.12,200.8,646891.0,200.83,201.3,200.12,200.77,1.18,200.7068,0.03,332155,29948,301231,976,9.04,200.75,258037,77.69,74118,29948,43194,40.95,-13246,1769,258037
2024-08-08,Thu,195.7,196.2,195.09,195.59,677320.0,195.79,196.2,195.1,195.54,1.1,195.8529,0.05,353009,308682,43873,454,87.56,195.92,254128,71.99,98881,54554,43873,55.43,10681,1533,254128
2024-08-09,Fri,197.05,197.3,196.23,196.37,651927.0,196.98,197.3,196.23,196.34,1.07,196.868,0.03,257263,24528,232704,31,9.54,196.86,181722,70.64,75541,24528,50982,32.48,-26454,1368,181722
2024-08-12,Mon,199.02,199.26,198.24,198.3,584056.0,199.11,199.25,198.24,198.33,1.01,198.7573,-0.03,253157,27848,225165,144,11.01,198.76,192870,76.19,60287,27848,32295,46.3,-4447,1394,192870
2024-08-13,Tue,198.47,198.77,197.53,197.88,529968.0,198.4,198.75,197.54,197.88,1.21,198.2834,0.0,264844,24370,240361,113,9.21,198.35,201674,76.15,63170,24370,38687,38.65,-14317,1156,201674
2024-08-14,Wed,207.39,208.3,207.38,208.04,666045.0,207.54,208.25,207.37,208.15,0.88,207.462,-0.11,355921,36468,319274,179,10.25,207.39,289477,81.33,66444,36468,29797,55.03,6671,1409,289477
2024-08-15,Thu,205.02,206.78,204.82,206.76,1049667.0,205.02,206.78,204.82,206.77,1.96,205.4862,-0.01,395673,113578,269613,12482,29.64,205.16,223352,56.45,172321,113578,46261,71.06,67317,2221,223352
2024-08-16,Fri,211.15,212.78,210.8,212.07,1402434.0,211.09,212.78,210.8,212.08,1.98,211.2112,-0.01,910327,93080,814505,2742,10.26,210.92,685035,75.25,225292,93080,129470,41.82,-36390,2033,685035
2024-08-19,Mon,217.07,219.47,217.04,219.31,1074852.0,217.09,219.46,217.02,219.27,2.44,217.6237,0.04,408973,360660,47416,897,88.38,217.1,263382,64.4,145591,97278,47416,67.23,49862,2205,263382
2024-08-20,Tue,224.88,226.25,224.73,225.6,1136475.0,224.81,226.24,224.73,225.68,1.51,225.1099,-0.08,495617,448477,45582,1558,90.77,225.0,331059,66.8,164558,117418,45582,72.04,71836,2292,331059
2024-08-21,Wed,222.67,223.6,222.41,223.28,707913.0,222.68,223.6,222.43,223.3,1.17,222.7465,-0.02,252547,52439,199863,245,20.78,222.67,171918,68.07,80629,52439,27945,65.24,24494,1605,171918
2024-08-22,Thu,223.82,224.8,223.4,224.75,703485.0,223.95,224.8,223.41,224.77,1.39,223.9159,-0.02,277768,39259,238244,265,14.15,223.81,193175,69.55,84593,39259,45069,46.56,-5810,1638,193175
2024-08-23,Fri,214.46,215.41,214.21,214.64,780534.0,214.57,215.41,214.23,214.67,1.18,214.6858,-0.03,301232,263644,35544,2044,88.12,214.61,215665,71.59,85567,47979,35544,57.44,12435,1552,215665
2024-08-26,Mon,218.75,219.09,218.29,218.6,587911.0,218.76,219.14,218.26,218.6,0.88,218.65,0.0,317745,41629,275670,446,13.12,218.67,230635,72.58,87110,41629,45035,48.03,-3406,1468,230635
2024-08-27,Tue,213.25,214.45,212.7,214.37,691850.0,213.14,214.48,212.71,214.48,1.77,213.3047,-0.11,281977,41938,239784,255,14.89,213.22,221787,78.65,60190,41938,17997,69.97,23941,1413,221787
2024-08-28,Wed,209.72,210.86,209.51,210.35,923196.0,209.82,210.86,209.51,210.46,1.35,209.9144,-0.11,422807,368032,53953,822,87.21,209.78,310177,73.36,112630,57855,53953,51.74,3902,1316,310177
2024-08-29,Thu,209.8,210.71,209.51,209.59,783820.0,209.87,210.7,209.53,209.59,1.17,210.0921,0.0,324151,267193,53796,3162,83.24,209.99,190709,58.83,133442,76484,53796,58.71,22688,2319,190709
2024-08-30,Fri,208.63,210.25,208.63,209.64,817742.0,208.78,210.25,208.6,209.6,1.65,209.0349,0.04,338707,53490,282604,2613,15.92,208.63,206348,60.92,132359,53490,76256,41.23,-22766,2203,206348
2024-09-03,Tue,215.26,216.69,215.07,216.38,1025297.0,215.27,216.67,215.08,216.37,1.59,215.3474,0.01,474851,77869,395760,1222,16.44,215.17,333211,70.17,141640,77869,62549,55.46,15320,2155,333211
2024-09-04,Wed,210.59,212.22,210.57,211.79,924518.0,210.69,212.21,210.61,211.8,1.6,210.8361,-0.01,389725,61557,328067,101,15.8,210.62,296061,75.97,93664,61557,32006,65.79,29551,1765,296061
2024-09-05,Thu,223.49,224.44,223.14,223.75,1405381.0,223.46,224.43,223.14,223.77,1.29,223.4489,-0.02,739999,134685,596906,8408,18.41,223.33,493078,66.63,246921,134685,103828,56.47,30857,3477,493078
2024-09-06,Fri,232.6,233.6,231.69,233.18,1395644.0,232.63,233.59,231.69,233.07,1.9,232.6239,0.11,631151,55169,575363,619,8.75,232.6,515178,81.63,115973,55169,60185,47.83,-5016,1804,515178
2024-09-09,Mon,216.2,216.5,214.13,214.5,984730.0,216.03,216.5,214.12,214.49,2.38,215.8986,0.01,428101,57395,369272,1434,13.45,216.1,292513,68.33,135588,57395,76759,42.78,-19364,2460,292513
2024-09-10,Tue,220.07,221.22,219.1,221.11,1042233.0,220.09,221.2,219.1,221.02,2.1,219.9931,0.09,488815,81718,406348,749,16.74,220.0,334285,68.39,154530,81718,72063,53.14,9655,2426,334285
2024-09-11,Wed,224.55,224.55,222.57,223.3,1082994.0,224.5,224.62,222.56,223.3,2.06,223.9067,0.0,493948,108530,384310,1108,22.02,224.34,293846,59.49,200102,108530,90464,54.54,18066,2720,293846
2024-09-12,Thu,224.66,225.9,224.01,224.62,767869.0,224.71,225.9,224.02,224.615,1.88,224.722,0.005,348841,273044,73314,2483,78.83,224.71,225531,64.65,123310,47513,73314,39.32,-25801,1695,225531
2024-09-13,Fri,228.0,228.11,226.32,227.09,1016367.0,227.92,228.0,226.32,227.23,1.68,227.6742,-0.14,436739,56266,380188,285,12.89,227.92,304663,69.76,132076,56266,75525,42.69,-19259,2146,304663
2024-09-16,Mon,229.3,229.79,228.06,228.11,800350.0,229.29,229.76,228.06,228.13,1.7,229.1525,-0.02,384131,54799,328029,1303,14.31,229.25,280858,73.12,103273,54799,47171,53.74,7628,1679,280858
2024-09-17,Tue,229.45,231.53,229.41,231.13,1389047.0,229.41,231.54,229.4,231.1,2.14,230.0326,0.03,453794,392459,60925,410,86.56,229.59,225243,49.64,228551,167216,60925,73.3,106291,2683,225243
2024-09-18,Wed,230.09,231.75,229.99,231.2,925458.0,230.05,231.73,229.99,231.23,1.74,230.4082,-0.03,261809,60467,201138,204,23.11,230.0,158307,60.47,103502,60467,42831,58.54,17636,1810,158307
2024-09-19,Thu,234.0,234.47,233.37,233.65,1218273.0,234.01,234.45,233.38,233.68,1.07,234.0505,-0.03,658979,575303,82718,958,87.43,234.07,486237,73.79,172742,89066,82718,51.85,6348,2183,486237
2024-09-20,Fri,241.52,241.94,240.81,241.09,3596856.0,241.49,241.94,240.82,241.05,1.12,241.4802,0.04,2826957,2723553,102719,685,96.37,241.49,2663521,94.22,163436,60032,102719,36.89,-42687,2371,2663521
2024-09-23,Mon,242.61,242.95,241.92,242.14,920155.0,242.63,242.89,241.92,242.12,0.97,242.5296,0.02,457418,384321,72031,1066,84.22,242.63,323180,70.65,134238,61141,72031,45.91,-10890,1918,323180
2024-09-24,Tue,254.08,254.5,253.03,253.84,1862542.0,254.13,254.5,253.04,253.88,1.46,253.9754,-0.04,997645,133967,858833,4845,13.49,254.01,705675,70.73,291970,133967,153158,46.66,-19191,4495,705675
2024-09-25,Wed,252.54,254.45,252.28,254.29,1180817.0,252.55,254.45,252.29,254.22,2.16,252.8955,0.07,516113,138905,377014,194,26.92,252.65,332399,64.4,183714,138905,44615,75.69,94290,2468,332399
2024-09-26,Thu,260.6,261.37,259.4,260.9,1854304.0,260.63,261.36,259.37,260.91,1.99,260.4781,-0.01,1118311,142699,973992,1620,12.78,260.5,880376,78.72,237935,142699,93616,60.39,49083,4098,880376
2024-09-27,Fri,257.38,258.3,256.66,257.82,890615.0,257.4,258.28,256.71,257.84,1.57,257.4271,-0.02,369440,316009,53158,273,85.6,257.32,243613,65.94,125827,72396,53158,57.66,19238,2305,243613
2024-09-30,Mon,259.04,259.63,258.1,258.4,1197368.0,259.01,259.6,258.11,258.4,1.49,258.9618,0.0,561287,92325,468583,379,16.46,259.0,368447,65.64,192840,92325,100136,47.97,-7811,2945,368447
2024-10-01,Tue,262.67,263.98,262.15,262.73,1120013.0,262.6,263.98,262.13,262.68,1.85,262.7698,0.05,504230,127342,375797,1091,25.31,262.66,331401,65.72,172829,127342,44396,74.15,82946,2596,331401
2024-10-02,Wed,247.55,249.89,247.4,247.98,1878096.0,247.59,249.89,247.47,247.88,2.42,248.1743,0.1,776983,660617,115648,718,85.1,247.78,479239,61.68,297744,181378,115648,61.06,65730,3241,479239
2024-10-03,Thu,244.48,246.09,244.48,245.7,983192.0,244.48,246.08,244.48,245.68,1.6,244.8238,0.02,499590,108238,390364,988,21.71,244.5,306435,61.34,193155,108238,83929,56.32,24309,2356,306435
2024-10-04,Fri,246.69,247.76,246.54,247.56,1603049.0,246.6,247.72,246.54,247.57,1.18,246.8956,-0.01,719299,163696,546979,8624,23.03,246.62,428864,59.62,290435,163696,118115,58.09,45581,3259,428864
2024-10-07,Mon,249.0,249.83,248.32,248.81,902941.0,249.03,249.81,248.33,248.82,1.48,248.9961,-0.01,425893,67120,358723,50,15.76,248.97,307793,72.27,118100,67120,50930,56.86,16190,2222,307793
2024-10-08,Tue,243.56,245.1,243.04,244.97,1248489.0,243.54,245.1,243.02,244.97,2.08,243.8382,0.0,474622,104099,370523,0,21.93,243.66,299395,63.08,175227,104099,71128,59.41,32971,2766,299395
2024-10-09,Wed,243.82,244.61,243.7,244.08,681539.0,243.78,244.61,243.7,244.2,0.91,243.8899,-0.12,294328,59532,234650,146,20.24,243.77,200540,68.13,93788,59532,34110,63.57,25422,1997,200540
2024-10-10,Thu,241.81,242.37,240.47,240.64,1018115.0,241.81,242.34,240.48,240.67,1.86,241.6544,-0.03,534955,55122,479210,623,10.32,241.81,357669,66.86,177286,55122,121541,31.2,-66419,2836,357669
2024-10-11,Fri,220.13,220.34,217.5,219.28,4866624.0,220.13,220.27,217.5,219.29,2.77,219.559,-0.01,2267002,1808205,450382,8415,80.06,219.86,1474021,65.02,792981,334184,450382,42.59,-116198,11887,1474021
2024-10-14,Mon,220.13,220.45,219.11,219.84,1582044.0,220.14,220.45,219.12,219.82,1.33,220.0629,0.02,888865,765045,115031,8789,86.93,220.16,620831,69.85,268034,144214,115031,55.63,29183,4350,620831
2024-10-15,Tue,220.01,221.25,219.34,221.18,1088692.0,220.13,221.25,219.34,221.2,1.91,220.0881,-0.02,508103,96103,411067,933,18.95,220.0,364947,71.83,143156,96103,46120,67.57,49983,2698,364947
2024-10-16,Wed,221.4,221.97,220.77,221.74,922356.0,221.41,221.95,220.77,221.79,1.18,221.4647,-0.05,362592,326583,35723,286,90.14,221.44,274816,75.79,87776,51767,35723,59.17,16044,1444,274816
2024-10-17,Thu,221.59,221.8,220.15,220.19,822206.0,221.49,221.62,220.15,220.19,1.47,221.1881,0.0,409403,49084,359396,923,12.02,221.34,281464,68.75,127939,49084,77932,38.64,-28848,2775,281464
2024-10-18,Fri,220.71,221.32,219.6,221.32,1611041.0,220.57,221.32,219.6,221.27,1.72,220.7686,0.05,1227918,1171471,56142,305,95.43,220.82,1104844,89.98,123074,66627,56142,54.27,10485,2167,1104844
2024-10-21,Mon,218.9,219.42,217.85,218.11,1119329.0,218.91,219.41,217.85,218.09,1.56,218.8045,0.02,577597,459393,117336,868,79.65,219.0,378235,65.48,199362,81158,117336,40.89,-36178,2911,378235
2024-10-22,Tue,217.31,217.76,216.23,216.23,899450.0,217.15,217.76,216.24,216.25,1.52,217.0779,-0.02,446173,371608,73989,576,83.4,217.14,334276,74.92,111897,37332,73989,33.54,-36657,2455,334276
2024-10-23,Wed,217.13,218.2,216.75,217.97,812904.0,217.13,218.19,216.75,217.91,1.44,217.2022,0.06,371763,69368,301225,1170,18.72,217.0,239797,64.5,131966,69368,61428,53.04,7940,2124,239797
2024-10-24,Thu,244.68,245.75,243.11,243.25,5140426.0,244.69,245.75,243.13,243.18,2.62,244.8229,0.07,2320906,1973436,338410,9060,85.36,244.8,1524511,65.69,796395,448925,338410,57.02,110515,10353,1524511
2024-10-25,Fri,256.01,257.78,255.32,257.69,2791911.0,255.98,257.77,255.31,257.7,2.46,256.0649,-0.01,1381207,1218834,158299,4074,88.51,255.8,927664,67.16,453543,291170,158299,64.78,132871,5791,927664
2024-10-28,Mon,270.0,270.9,268.13,269.49,2509431.0,269.95,270.9,268.14,269.44,2.76,269.9045,0.05,1456570,179337,1275737,1496,12.32,270.0,1104843,75.85,351727,179337,170894,51.21,8443,5228,1104843
2024-10-29,Tue,264.51,264.98,263.28,263.34,1212580.0,264.53,264.99,263.28,263.4,1.71,264.6305,-0.06,625959,532173,91207,2579,85.37,264.76,451726,72.17,174233,80447,91207,46.87,-10760,2256,451726
2024-10-30,Wed,258.04,258.95,257.66,258.68,607216.0,257.98,258.95,257.67,258.75,1.28,258.1147,-0.07,312509,64658,247472,379,20.72,258.0,223219,71.43,89290,64658,24253,72.72,40405,1416,223219
2024-10-31,Thu,257.99,259.23,257.94,258.93,698273.0,258.1,259.2,257.99,259.02,1.21,258.2082,-0.09,348550,311266,36890,394,89.4,258.07,252527,72.45,96023,58739,36890,61.42,21849,1497,252527
2024-11-01,Fri,252.04,253.2,251.68,252.46,728830.0,252.0,253.2,251.68,252.43,1.52,251.8923,0.03,399633,366865,32388,380,91.89,251.76,298690,74.74,100943,68175,32388,67.79,35787,1410,298690
2024-11-04,Mon,244.56,245.32,244.2,244.56,1234014.0,244.56,245.32,244.23,244.6,1.09,244.6374,-0.04,597907,119389,478301,217,19.98,244.54,415766,69.54,182141,119389,62535,65.63,56854,1965,415766
2024-11-05,Tue,247.34,247.4,246.21,247.15,801507.0,247.33,247.4,246.24,247.2,1.16,247.1051,-0.05,425090,71276,353787,27,16.77,247.23,258419,60.79,166671,71276,95368,42.77,-24092,1506,258419
2024-11-06,Wed,284.67,285.5,281.45,283.07,5396948.0,284.75,285.5,281.46,283.07,4.04,284.4675,0.0,3188344,468771,2714159,5414,14.73,284.64,2303918,72.26,884426,468771,410241,53.33,58530,13157,2303918
2024-11-07,Thu,288.89,289.96,288.0,288.58,2169179.0,288.87,289.97,288.0,288.51,1.97,288.8943,0.07,1176616,180653,993948,2015,15.38,288.79,829991,70.54,346625,180653,163957,52.42,16696,5147,829991
2024-11-08,Fri,299.14,299.88,298.51,299.35,1709933.0,299.2,299.88,298.53,299.46,1.35,299.3174,-0.11,949286,847890,100652,744,89.39,299.29,705039,74.27,244247,142851,100652,58.66,42199,3561,705039
2024-11-11,Mon,346.3,346.47,342.75,343.01,4301776.0,346.35,346.48,342.75,343.1,3.73,345.7707,-0.09,2568672,2030162,536479,2031,79.1,346.18,1753484,68.26,815188,276678,536479,34.03,-259801,12087,1753484
2024-11-12,Tue,342.74,345.84,339.14,339.25,2727380.0,342.59,345.82,339.14,339.33,6.68,342.6861,-0.08,1381990,1134317,244454,3219,82.27,342.74,904107,65.42,477883,230210,244454,48.5,-14244,9122,904107
2024-11-13,Wed,335.85,337.2,334.68,337.17,1814988.0,335.99,337.18,334.7,337.08,2.48,335.8792,0.09,985836,137027,848295,514,13.91,335.88,748166,75.89,237670,137027,100129,57.78,36898,4082,748166
2024-11-14,Thu,327.69,328.0,325.16,325.83,1006937.0,327.54,328.0,325.18,325.62,2.82,327.5653,0.21,548533,471517,75849,1167,86.14,327.79,404949,73.82,143584,66568,75849,46.74,-9281,2987,404949
2024-11-15,Fri,310.57,311.6,310.02,310.26,1977278.0,310.86,311.5,310.01,310.21,1.49,310.5532,0.05,1281196,92059,1188920,217,7.19,310.52,1104083,86.18,177113,92059,84837,52.04,7222,4024,1104083
2024-11-18,Mon,340.73,340.76,336.55,337.3,2256182.0,340.76,340.76,336.56,337.3,4.2,340.0515,0.0,1188958,153827,1026560,8571,13.03,340.68,788002,66.28,400956,153827,238558,39.2,-84731,7239,788002
2024-11-19,Tue,335.76,336.95,335.16,335.43,946633.0,335.77,336.96,335.17,335.38,1.79,335.9336,0.05,513426,467025,45371,1030,91.15,335.88,394651,76.87,118775,72374,45371,61.47,27003,2137,394651
2024-11-20,Wed,345.0,345.73,343.71,344.56,923836.0,345.1,345.73,343.71,344.55,2.02,344.9725,0.01,544317,51023,493079,215,9.38,345.0,379535,69.73,164782,51023,113544,31.0,-62521,2749,379535
2024-11-21,Thu,343.81,344.85,343.49,344.22,940182.0,344.0,344.87,343.5,344.08,1.37,344.1884,0.14,495934,399573,95483,878,80.71,344.05,306263,61.75,189671,93310,95483,49.42,-2173,2475,306263
2024-11-22,Fri,341.09,343.0,340.8,341.66,710101.0,341.01,343.0,340.82,341.53,2.18,341.3,0.13,265321,66290,198756,275,25.01,341.0,166231,62.65,99090,66290,32525,67.08,33765,1815,166231
2024-11-25,Mon,360.14,361.85,359.5,361.69,1925632.0,360.56,361.85,359.5,361.68,2.35,360.2999,0.01,1067592,134031,933047,514,12.56,360.26,798878,74.83,268714,134031,134169,49.97,-138,4728,798878
2024-11-26,Tue,341.0,341.5,339.57,340.1,1013993.0,340.99,341.54,339.55,340.11,1.99,340.8073,-0.01,473743,397479,76021,243,83.94,341.0,325986,68.81,147757,71493,76021,48.47,-4528,2427,325986
2024-11-27,Wed,341.8,342.55,340.55,341.05,645348.0,341.76,342.55,340.61,341.04,1.94,341.972,0.01,320968,55718,264792,458,17.38,342.08,208730,65.03,112238,55718,56062,49.85,-344,1746,208730
2024-11-29,Fri,336.08,336.99,334.65,335.29,654059.0,336.01,336.4,334.71,335.38,1.69,335.9068,-0.09,326338,48400,277558,380,14.85,336.1,212974,65.26,113364,48400,64584,42.84,-16184,1989,212974
2024-12-02,Mon,352.38,354.89,352.0,354.27,1759415.0,352.51,354.88,352.08,354.29,2.8,352.9826,-0.02,901962,783758,116274,1930,87.08,352.69,570515,63.25,331447,213243,116274,64.71,96969,5102,570515
2024-12-03,Tue,351.8,352.3,350.76,351.85,998465.0,351.79,352.3,350.75,351.84,1.55,351.7472,0.01,569321,490103,78079,1139,86.26,351.8,425126,74.67,144195,64977,78079,45.42,-13102,2626,425126
2024-12-04,Wed,353.0,353.42,351.85,352.68,734740.0,353.07,353.42,351.85,352.74,1.57,352.936,-0.06,418763,29055,388193,1515,6.96,353.04,331634,79.19,87129,29055,56559,33.94,-27504,1939,331634
2024-12-05,Thu,359.87,363.9,359.5,363.46,1947564.0,359.85,363.9,359.52,363.38,4.38,360.9616,0.08,936154,333303,599116,3735,35.75,360.0,472034,50.42,464120,333303,127082,72.4,206221,7442,472034
2024-12-06,Fri,377.42,377.52,375.7,376.02,1328332.0,377.47,377.52,375.7,376.07,1.82,377.0405,-0.05,741093,100043,635879,5171,13.59,377.26,524559,70.78,216534,100043,111320,47.33,-11277,3142,524559
2024-12-09,Mon,397.61,398.8,396.18,397.4,2135797.0,397.8,398.8,396.19,397.39,2.61,397.9078,0.01,1246191,1136852,108122,1217,91.32,398.0,964352,77.38,281839,172500,108122,61.47,64378,5040,964352
2024-12-10,Tue,392.68,393.13,391.26,392.16,835156.0,392.64,393.0,391.25,392.36,1.75,392.7617,-0.2,480874,404859,75383,632,84.3,392.99,354550,73.73,126324,50309,75383,40.03,-25074,2772,354550
2024-12-11,Wed,409.7,409.99,407.42,408.84,1361987.0,409.65,409.99,407.42,408.75,2.57,409.5572,0.09,752827,645528,105283,2016,85.98,409.83,563614,74.87,189213,81914,105283,43.76,-23369,3220,563614
2024-12-12,Thu,424.84,426.26,422.85,425.06,1806428.0,424.83,426.26,422.88,425.02,3.38,424.7554,0.04,902222,792621,106747,2854,88.13,424.86,633872,70.26,268350,158749,106747,59.79,52002,6303,633872
2024-12-13,Fri,420.0,420.37,418.3,418.3,895378.0,420.01,420.36,418.3,418.31,2.06,419.8171,-0.01,515490,50735,464525,230,9.85,420.0,379596,73.64,135894,50735,84929,37.4,-34194,3040,379596
2024-12-16,Mon,441.09,441.14,439.23,439.46,1726298.0,441.11,441.19,439.26,439.5,1.93,440.8969,-0.04,991560,134906,853514,3140,13.65,441.08,705453,71.15,286107,134906,148061,47.68,-13155,4757,705453
2024-12-17,Tue,475.9,476.25,470.25,470.44,2439048.0,476.2,476.25,470.25,470.43,6.0,475.0252,0.01,1318832,1017865,299435,1532,77.27,476.0,896170,67.95,422662,121695,299435,28.9,-177740,7190,896170
2024-12-18,Wed,466.5,469.11,465.55,465.73,1406442.0,466.55,469.1,465.55,465.6,3.55,466.4209,0.13,724364,643878,79267,1219,89.04,466.2,563600,77.81,160764,80278,79267,50.32,1011,3570,563600
2024-12-19,Thu,451.88,452.01,450.1,451.84,1491851.0,451.88,452.03,450.1,451.795,1.93,451.8106,0.045,874041,785061,86875,2105,90.04,451.99,678589,77.64,195452,106472,86875,55.07,19597,4034,678589
2024-12-20,Fri,425.51,428.38,424.3,428.1,4511970.0,425.55,428.38,424.33,428.0,4.05,425.7086,0.1,2871447,2785639,84783,1025,97.05,425.65,2662839,92.74,208608,122800,84783,59.16,38017,4106,2662839
2024-12-23,Mon,431.0,431.94,429.11,430.22,1055700.0,431.02,431.94,429.11,430.36,2.83,430.767,-0.14,573482,490000,81926,1556,85.68,430.91,408276,71.19,165206,81724,81926,49.94,-202,2830,408276
2024-12-24,Tue,435.9,436.52,435.25,435.27,660374.0,435.83,436.56,435.25,435.26,1.31,435.8277,0.01,342770,41856,300592,322,12.22,435.8,235894,68.82,106876,41856,64698,39.28,-22842,1994,235894
2024-12-26,Thu,465.16,465.33,461.88,462.89,1282272.0,465.02,465.27,461.88,462.92,3.39,464.2926,-0.03,627679,116924,509545,1210,18.66,465.0,382534,60.94,245145,116924,127011,47.93,-10087,5249,382534
2024-12-27,Fri,449.52,450.0,447.32,448.04,788282.0,449.27,449.57,447.34,448.04,2.23,448.8914,0.0,373475,283917,87355,2203,76.47,449.24,224698,60.16,148777,59219,87355,40.4,-28136,2903,224698
2024-12-30,Mon,419.4,420.8,418.11,419.42,1497564.0,419.4,420.8,418.11,419.41,2.69,419.4207,0.01,791965,666433,124153,1379,84.3,419.39,531348,67.09,260617,135085,124153,52.11,10932,5100,531348
2024-12-31,Tue,423.79,425.5,422.58,425.39,813511.0,424.06,425.5,422.58,425.39,2.92,423.9959,0.0,332552,281193,50663,696,84.73,424.0,208038,62.56,124514,73155,50663,59.08,22492,2260,208038
2025-01-02,Thu,390.1,392.73,388.5,389.69,2101094.0,390.37,392.77,388.5,389.27,4.27,390.2812,0.42,1031767,849055,178695,4017,82.61,390.2,739874,71.71,291893,109181,178695,37.93,-69514,6922,739874
2025-01-03,Fri,381.48,383.0,379.45,379.58,1184500.0,381.3,382.55,379.46,379.91,3.09,381.2986,-0.33,604139,487469,115552,1118,80.84,381.5,430448,71.25,173691,57021,115552,33.04,-58531,3773,430448
2025-01-06,Mon,423.2,423.58,420.44,422.21,1559419.0,423.22,423.58,420.44,422.1,3.14,422.8911,0.11,888303,779761,107679,863,87.87,423.14,644474,72.55,243829,135287,107679,55.68,27608,3828,644474
2025-01-07,Tue,405.83,406.84,404.8,405.84,758110.0,405.81,406.6,404.8,405.835,1.8,405.7876,0.005,441870,382829,58410,631,86.76,405.8,340534,77.07,101336,42295,58410,42.0,-16115,2147,340534
2025-01-08,Wed,392.95,393.78,391.73,393.33,703312.0,393.02,393.74,391.75,393.34,1.99,393.06,-0.01,388273,349440,38374,459,90.11,393.19,309805,79.79,78468,39635,38374,50.81,1261,1915,309805
2025-01-10,Fri,391.4,392.25,388.9,389.18,803095.0,391.31,391.67,388.93,389.38,2.74,391.1193,-0.2,423908,347849,75816,243,82.1,391.5,302418,71.34,121490,45431,75816,37.47,-30385,3227,302418
2025-01-13,Mon,383.21,384.51,381.22,381.31,995363.0,383.24,384.53,381.22,381.39,3.31,383.2331,-0.08,540075,79169,460343,563,14.67,383.26,365363,67.65,174712,79169,94980,45.46,-15811,4196,365363
2025-01-14,Tue,414.34,415.0,412.36,413.21,1130548.0,414.44,415.0,412.36,413.19,2.64,414.2906,0.02,599912,79590,519780,542,13.28,414.64,406391,67.74,193521,79590,113389,41.24,-33799,3587,406391
2025-01-15,Wed,409.9,410.6,408.5,410.34,873610.0,409.8,410.55,408.5,410.39,2.05,409.6898,-0.05,456843,392900,62863,1080,86.21,409.73,285840,62.57,171003,107060,62863,63.01,44197,2845,285840
2025-01-16,Thu,423.49,424.0,420.51,420.86,1100968.0,423.47,423.69,420.52,420.9,3.17,422.7773,-0.04,531510,74254,456139,1117,14.0,423.27,323567,60.88,207943,74254,132572,35.9,-58318,3449,323567
2025-01-17,Fri,421.5,422.5,420.53,421.75,2552038.0,422.24,422.5,420.55,421.75,1.95,422.0467,0.0,2061878,1967734,92280,1864,95.52,422.08,1896308,91.97,165570,71426,92280,43.63,-20854,2966,1896308
2025-01-21,Tue,432.64,433.2,426.58,427.95,2101382.0,432.67,433.17,426.59,428.01,6.58,431.367,-0.06,1114008,176968,931148,5892,15.97,432.65,701487,62.97,412521,176968,229661,43.52,-52693,8601,701487
2025-01-22,Wed,416.81,419.86,416.1,419.26,1138923.0,416.89,419.9,416.1,419.22,3.8,417.3315,0.04,569334,101579,467294,461,17.86,416.66,341207,59.93,228127,101579,126087,44.62,-24508,3549,341207
2025-01-23,Thu,416.06,418.31,415.17,417.68,960844.0,416.12,418.28,415.16,417.65,3.12,416.3564,0.03,427296,73722,352780,794,17.29,416.0,255036,59.69,172260,73722,97744,43.0,-24022,3020,255036
2025-01-24,Fri,414.45,415.8,413.86,414.52,761946.0,414.48,415.74,413.88,414.53,1.86,414.6563,-0.01,365739,288763,75977,999,79.17,414.67,235728,64.45,130011,53035,75977,41.11,-22942,2276,235728
2025-01-27,Mon,394.8,397.09,393.53,396.51,1442817.0,394.9,397.06,393.53,396.54,3.53,394.8502,-0.03,847047,762897,83230,920,90.16,394.74,620822,73.29,226225,142075,83230,63.06,58845,4263,620822
2025-01-28,Tue,396.91,397.15,394.76,394.76,663816.0,396.88,397.13,394.86,394.86,2.27,396.6607,-0.1,368254,44592,323313,349,12.12,396.85,244478,66.39,123776,44592,78835,36.13,-34243,2767,244478
2025-01-29,Wed,395.21,396.32,394.08,395.82,574895.0,395.21,396.3,394.1,395.75,2.2,395.2111,0.07,284301,241139,42654,508,84.97,395.21,207076,72.84,77225,34063,42654,44.4,-8591,1984,207076
2025-01-30,Thu,410.78,412.5,409.2,411.02,1973096.0,410.65,412.5,409.26,411.02,3.24,410.9372,0.0,1021554,912574,108180,800,89.4,410.88,758951,74.29,262603,153623,108180,58.68,45443,4490,758951
2025-01-31,Fri,401.53,404.32,401.34,403.21,839775.0,401.5,404.25,401.28,402.84,2.97,401.8847,0.37,387033,326888,59797,348,84.54,401.55,273510,70.67,113523,53378,59797,47.16,-6419,2346,273510
2025-02-03,Mon,386.68,386.99,385.32,386.84,1739241.0,386.69,386.99,385.35,386.93,1.64,386.166,-0.09,1065440,957768,107458,214,89.91,386.22,828705,77.78,236735,129063,107458,54.57,21605,4189,828705
2025-02-04,Tue,382.63,385.15,382.13,384.25,834351.0,382.8,385.15,382.13,384.35,3.02,382.3676,-0.1,491667,56919,434648,100,11.58,382.13,405017,82.38,86650,56919,29631,65.76,27288,2015,405017
2025-02-05,Wed,387.51,387.88,386.4,386.7,695035.0,387.13,387.86,386.46,386.66,1.4,387.2421,0.04,374300,309857,63394,1049,83.02,387.28,265214,70.86,109086,44643,63394,41.32,-18751,2027,265214
2025-02-06,Thu,373.03,375.4,372.0,374.92,1305483.0,373.13,375.4,372.12,374.91,3.28,372.9471,0.01,654780,554424,98345,2011,84.93,372.5,432109,65.99,222671,122315,98345,55.43,23970,3744,432109
2025-02-07,Fri,370.19,372.15,370.0,371.81,878143.0,370.11,372.15,370.0,371.84,2.15,370.3245,-0.03,523432,82194,440813,425,15.72,370.05,387782,74.08,135650,82194,53031,60.78,29163,2747,387782
2025-02-10,Mon,356.21,357.0,355.5,356.21,1615881.0,356.2,357.07,355.83,356.205,1.24,356.0952,0.005,911702,81876,829022,804,8.99,356.0,742540,81.45,169162,81876,86482,48.63,-4606,3195,742540
2025-02-11,Tue,345.8,345.85,344.0,344.73,2026474.0,345.83,345.85,344.0,344.76,1.85,345.3538,-0.03,1033403,160337,867899,5167,15.59,345.59,647330,62.64,386073,160337,220569,42.09,-60232,8480,647330
2025-02-12,Wed,329.94,332.89,329.36,332.75,1708602.0,329.98,332.89,329.5,332.7,3.39,330.0124,0.05,974368,905819,67373,1176,93.08,329.76,793641,81.45,180727,112178,67373,62.48,44805,3297,793641
2025-02-13,Thu,345.0,345.98,343.05,344.03,1347948.0,345.0,346.0,343.07,344.03,2.93,344.7892,0.0,708594,98389,608876,1329,13.91,345.0,484520,68.38,224074,98389,124356,44.17,-25967,4287,484520
2025-02-14,Fri,360.62,361.2,359.5,361.08,1201509.0,360.51,361.2,359.5,361.06,1.7,360.4252,0.02,630122,86777,542655,690,13.79,360.5,422526,67.05,207596,86777,120129,41.94,-33352,3886,422526
2025-02-18,Tue,355.28,355.56,353.7,353.74,4891843.0,355.22,355.64,353.72,353.74,1.92,354.9622,0.0,767443,56666,710403,374,7.39,355.0,632971,82.48,134472,56666,77432,42.26,-20766,3505,632971
2025-02-19,Wed,353.97,356.07,353.73,355.72,1818601.0,353.93,356.03,353.66,355.54,2.37,354.2961,0.18,364191,318506,45379,306,87.53,354.0,234321,64.34,129870,84185,45379,64.98,38806,2712,234321
2025-02-20,Thu,361.51,362.3,358.96,359.03,760552.0,361.55,362.29,358.93,358.95,3.36,361.2195,0.08,382173,45829,335787,557,12.01,361.5,244587,64.0,137586,45829,91200,33.44,-45371,3463,244587
2025-02-21,Fri,353.16,353.7,352.13,353.15,2114563.0,353.62,353.67,352.15,353.29,1.52,353.1691,-0.14,658133,31531,626297,305,4.79,353.19,589444,89.56,68689,31531,36853,46.11,-5322,1673,589444
2025-02-24,Mon,338.1,341.29,337.43,340.15,8090706.0,338.13,341.22,337.44,340.15,3.78,338.0794,0.0,966984,98558,865247,3179,10.23,337.8,774266,80.07,192718,98558,90981,52.0,7577,3700,774266
2025-02-25,Tue,327.13,327.45,325.1,325.45,3562556.0,326.96,327.45,325.1,325.45,2.35,326.7592,0.0,607585,51810,554922,853,8.54,326.95,474892,78.16,132693,51810,80030,39.3,-28220,2561,474892
2025-02-26,Wed,303.71,304.7,302.8,303.69,4108219.0,303.61,304.72,302.8,303.68,1.92,303.5205,0.01,755106,94017,658893,2196,12.49,303.51,576121,76.3,178985,94017,82772,53.18,11245,3874,576121
2025-02-27,Thu,291.0,292.1,290.34,291.68,6186756.0,291.16,292.04,290.34,291.68,1.7,290.7618,0.0,1050232,100669,948288,1275,9.6,290.71,885024,84.27,165208,100669,63264,61.41,37405,3587,885024
2025-02-28,Fri,277.12,277.12,277.0,277.12,6153062.0,279.55,279.55,277.0,277.12,2.55,279.0167,0.0,949185,71999,876128,1058,7.59,279.24,724119,76.29,225066,71999,152009,32.14,-80010,4837,724119
2025-03-03,Mon,300.34,300.79,298.32,298.46,1805204.0,300.32,300.77,298.32,298.5,2.45,300.0413,-0.04,971296,122613,843508,5175,12.69,300.25,681613,70.18,289683,122613,161895,43.1,-39282,4364,681613
2025-03-04,Tue,270.8,273.68,270.09,273.61,8669662.0,270.89,273.66,270.1,273.66,3.56,270.929,-0.05,1284413,1161311,122453,649,90.46,270.84,1041847,81.11,242566,119464,122453,49.38,-2989,5127,1041847
2025-03-05,Wed,272.92,273.4,270.5,271.91,1119545.0,273.0,273.04,270.51,271.87,2.53,272.5507,0.04,515324,48241,464728,2355,9.4,272.78,389571,75.6,125753,48241,75157,39.09,-26916,3644,389571
2025-03-06,Thu,272.0,272.12,268.2,269.0,4399302.0,272.04,272.12,268.2,268.99,3.92,271.0463,0.01,620486,427293,190024,3169,69.22,272.09,332626,53.61,287860,94667,190024,33.25,-95357,6367,332626
2025-03-07,Fri,259.32,262.36,258.97,262.32,1488295.0,259.29,262.35,258.97,262.27,3.38,259.689,0.05,767105,676921,83823,6361,88.98,259.39,550661,71.78,216444,126260,83823,60.1,42437,4107,550661
2025-03-10,Mon,252.6,253.37,251.57,253.15,5333049.0,252.5,253.37,251.6,253.17,1.77,252.2636,-0.02,867888,79849,787539,500,9.21,252.25,718290,82.76,149598,79849,69249,53.55,10600,2664,718290
2025-03-11,Tue,225.27,225.87,224.02,224.77,14429333.0,225.32,225.87,224.03,224.69,1.84,225.2549,0.08,1487908,1304600,173626,9682,88.25,225.3,1153388,77.52,334520,151212,173626,46.55,-22414,5054,1153388
2025-03-12,Wed,247.22,247.35,244.33,244.7,198565.0,247.33,247.38,244.36,244.6,3.02,246.664,0.1,1692804,1454189,236518,2097,86.01,247.01,1280065,75.62,412739,174124,236518,42.4,-62394,6794,1280065
2025-03-13,Thu,248.13,248.29,245.12,245.82,7190091.0,248.1,248.35,245.12,245.79,3.23,247.5183,0.03,903945,140396,760622,2927,15.58,248.0,608727,67.34,295218,140396,151895,48.03,-11499,5767,608727
2025-03-14,Fri,247.36,247.88,246.14,246.97,1109057.0,247.26,247.85,246.13,246.86,1.72,247.3167,0.11,603140,537850,62772,2518,89.55,247.44,449171,74.47,153969,88679,62772,58.55,25907,3250,449171
2025-03-17,Mon,244.97,245.01,241.63,241.82,4817790.0,245.01,245.25,241.62,241.75,3.63,244.466,0.07,892628,712427,173917,6284,80.38,245.04,601691,67.41,290937,110736,173917,38.9,-63181,4972,601691
2025-03-18,Tue,228.16,229.74,227.1,229.22,1824134.0,228.15,229.73,227.11,229.19,2.62,228.174,0.03,931735,144685,783623,3427,15.59,228.03,649700,69.73,282035,144685,133923,51.93,10762,5167,649700
2025-03-19,Wed,231.61,231.64,230.28,231.23,5632928.0,231.62,231.64,230.29,231.25,1.35,231.4153,-0.02,670376,572634,95772,1970,85.67,231.59,486717,72.6,183659,85917,95772,47.29,-9855,2982,486717
2025-03-20,Thu,233.35,233.47,232.13,233.11,7423007.0,233.38,233.47,232.13,233.15,1.34,233.3291,-0.04,728208,644262,79242,4704,89.05,233.47,589054,80.89,139154,55208,79242,41.06,-24034,2889,589054
2025-03-21,Fri,234.985,238.081,234.985,238.081,7660416.0,235.0,238.29,234.54,238.29,3.75,235.1571,-0.209,2334095,2274353,55260,4482,97.63,235.01,2091424,89.6,242671,182929,55260,76.8,127669,4284,2091424
2025-03-24,Mon,258.08,258.53,256.33,257.2,9139696.0,258.13,258.53,256.33,257.21,2.2,257.7945,-0.01,1602310,182346,1412129,7835,11.44,258.0,1226848,76.57,375462,182346,185281,49.6,-2935,6793,1226848
2025-03-25,Tue,283.5,283.58,279.2,280.06,12225261.0,283.56,283.65,279.21,279.9,4.44,282.443,0.16,1430854,1034361,356412,40081,74.37,283.4,828681,57.92,602173,205680,356412,36.59,-150732,10783,828681
2025-03-26,Wed,282.66,283.63,281.32,282.36,1535550.0,282.61,283.67,281.32,282.31,2.35,282.5484,0.05,772306,647377,123182,1747,84.01,282.54,549218,71.11,223088,98159,123182,44.35,-25023,3927,549218
2025-03-27,Thu,272.48,274.57,271.82,274.34,7345872.0,272.4,274.56,271.82,274.5,2.74,272.6086,-0.16,634165,532905,97558,3702,84.53,272.42,411853,64.94,222312,121052,97558,55.37,23494,3576,411853
2025-03-28,Fri,275.5,275.55,274.0,274.18,6573028.0,275.6,275.6,274.0,274.185,1.6,275.0773,-0.005,552841,84004,465377,3460,15.29,275.36,355483,64.3,197358,84004,109894,43.32,-25890,4539,355483
2025-03-31,Mon,249.31,250.88,248.93,250.04,2193059.0,249.41,250.83,248.83,250.07,2.0,249.5456,-0.03,1159515,1053532,101526,4457,91.21,249.5,888859,76.66,270656,164673,101526,61.86,63147,4910,888859
2025-04-01,Tue,263.8,263.84,261.63,262.86,1217083.0,263.7,263.84,261.64,262.865,2.2,263.4298,-0.005,608194,98313,505574,4307,16.28,263.7,384360,63.2,223834,98313,121214,44.78,-22901,3613,384360
2025-04-02,Wed,254.6,254.99,251.89,252.19,2076302.0,254.55,254.98,251.9,252.26,3.08,254.1984,-0.07,812061,610614,198266,3181,75.49,254.68,447697,55.13,364364,162917,198266,45.11,-35349,7073,447697
2025-04-03,Thu,265.29,268.2,264.0,268.13,1999813.0,265.31,268.17,264.0,268.14,4.17,265.4121,-0.01,965106,807657,151715,5734,84.19,265.19,610745,63.28,354361,196912,151715,56.48,45197,5105,610745
2025-04-04,Fri,255.38,259.78,255.0,259.01,1878279.0,255.57,259.78,255.2,259.0,4.58,256.44,0.01,810177,680848,126190,3139,84.36,255.76,498769,61.56,311408,182079,126190,59.06,55889,5734,498769
2025-04-07,Mon,223.79,224.27,222.11,222.63,16859776.0,223.8,224.2,222.11,222.62,2.09,223.6291,0.01,1925007,1739113,181930,3964,90.53,223.76,1598387,83.03,326620,140726,181930,43.61,-41204,6159,1598387
2025-04-08,Tue,245.04,246.42,244.52,246.28,7826763.0,244.97,246.41,244.53,246.26,1.88,245.2079,0.02,977704,867992,107334,2378,89.0,245.14,728076,74.47,249628,139916,107334,56.59,32582,4223,728076
2025-04-09,Wed,224.69,226.5,223.88,226.48,11293996.0,224.67,226.5,223.89,226.5,2.61,224.7019,-0.02,697802,127846,568862,1094,18.35,224.6,462840,66.33,234962,127846,106022,54.67,21824,4546,462840
2025-04-10,Thu,260.05,260.59,258.9,259.44,9478631.0,260.01,260.64,258.98,259.5,1.66,259.8881,-0.06,1029464,170559,856600,2305,16.6,259.9,735032,71.4,294432,170559,121568,58.39,48991,3764,735032
2025-04-11,Fri,251.84,253.7,251.23,253.34,6491453.0,251.91,253.75,251.28,253.345,2.47,252.0381,-0.005,398172,352449,45046,677,88.67,251.95,250073,62.81,148099,102376,45046,69.44,57330,2461,250073
2025-04-14,Mon,258.3,260.95,258.0,260.65,4928344.0,258.34,260.97,258.0,260.64,2.97,258.7947,0.01,666510,186075,478325,2110,28.01,258.3,407196,61.09,259314,186075,71129,72.35,114946,3957,407196
2025-04-15,Tue,249.91,249.92,247.7,248.01,3320478.0,249.91,250.0,247.74,248.04,2.26,249.4428,-0.03,468944,361667,105472,1805,77.42,250.0,284853,60.74,184091,76814,105472,42.14,-28658,2973,284853
2025-04-16,Wed,247.61,248.0,247.06,247.64,3519066.0,247.72,248.0,247.03,247.57,0.97,247.7057,0.07,376411,306533,69159,719,81.59,247.78,241063,64.04,135348,65470,69159,48.63,-3689,2599,241063
2025-04-17,Thu,243.43,243.89,242.09,242.43,3279030.0,243.48,243.85,242.08,242.46,1.77,243.456,-0.03,888162,60661,826242,1259,6.84,243.52,770275,86.73,117887,60661,55967,52.01,4694,1786,770275
2025-04-21,Mon,230.21,230.3,228.41,229.51,4919492.0,230.27,230.31,228.4,229.55,1.91,229.9191,-0.04,831655,108927,714081,8647,13.24,230.12,459442,55.24,372213,108927,254639,29.96,-145712,7941,459442
2025-04-22,Tue,230.87,231.6,229.87,230.28,3631303.0,230.94,231.62,229.86,230.32,1.76,230.976,-0.04,574399,457977,114500,1922,80.0,231.09,375325,65.34,199074,82652,114500,41.92,-31848,3305,375325
2025-04-23,Wed,254.89,255.19,251.48,251.89,10276208.0,254.88,255.16,251.44,251.89,3.72,254.525,0.0,1217305,955629,257014,4662,78.81,255.0,840095,69.01,377210,115534,257014,31.01,-141480,5804,840095
2025-04-24,Thu,250.66,250.99,249.21,249.5,4944390.0,250.77,250.94,249.2,249.51,1.74,250.3009,-0.01,497156,46027,450004,1125,9.28,250.38,373224,75.07,123932,46027,76780,37.48,-30753,3048,373224
2025-04-25,Fri,261.7,263.35,261.34,263.09,102498.0,261.7,263.34,261.34,263.04,2.0,261.7763,0.05,527863,109418,418292,153,20.73,261.5,370229,70.14,157634,109418,48063,69.48,61355,2427,370229
2025-04-28,Mon,288.98,289.22,287.7,288.96,1792174.0,289.03,289.2,287.76,288.965,1.44,288.7848,-0.005,885201,745031,137261,2909,84.44,288.99,611165,69.04,274036,133866,137261,49.37,-3395,4709,611165
2025-04-29,Tue,285.48,285.75,284.5,285.4,4482273.0,285.47,285.75,284.5,285.35,1.25,285.4582,0.05,407868,347049,60541,278,85.15,285.58,269907,66.18,137961,77142,60541,56.03,16601,3075,269907
2025-04-30,Wed,279.95,280.47,278.2,278.36,7329821.0,279.91,280.45,278.2,278.35,2.25,279.7793,0.01,612862,475431,134710,2721,77.92,280.0,385408,62.89,227454,90023,134710,40.06,-44687,4000,385408
2025-05-01,Thu,280.01,283.4,279.92,283.17,5326927.0,280.01,283.4,279.9,283.14,3.5,280.5345,0.03,398454,366355,31670,429,92.04,280.0,261927,65.74,136527,104428,31670,76.73,72758,2861,261927
2025-05-02,Fri,284.9,286.96,284.61,286.86,3849609.0,285.01,286.96,284.6,286.83,2.36,285.3228,0.03,349239,290356,56142,2741,83.8,284.92,203112,58.16,146127,87244,56142,60.85,31102,2711,203112
2025-05-05,Mon,284.64,284.85,283.38,283.71,2780432.0,284.62,284.85,283.38,283.72,1.47,284.4928,-0.01,350267,300269,49714,284,85.8,284.64,264212,75.43,86055,36057,49714,42.04,-13657,2314,264212
2025-05-06,Tue,273.12,273.4,271.37,272.23,3920321.0,273.12,273.4,271.35,272.22,2.05,272.7641,0.01,549314,393122,151340,4852,72.2,273.07,292328,53.22,256986,100794,151340,39.98,-50546,5494,292328
2025-05-07,Wed,276.88,277.23,276.14,277.01,736045.0,276.91,277.23,276.14,277.09,1.09,276.4102,-0.08,302963,255548,47292,123,84.38,276.28,207105,68.36,95858,48443,47292,50.6,1151,1859,207105
2025-05-08,Thu,279.63,282.2,279.44,281.92,3440211.0,279.71,282.2,279.42,281.86,2.78,280.6159,0.06,460763,190811,265821,4131,41.79,279.62,192479,41.77,268284,190811,73342,72.24,117469,3961,192479
2025-05-09,Fri,290.2,292.62,290.0,292.07,4571366.0,290.28,292.63,290.0,292.08,2.63,290.737,-0.01,579984,153100,423587,3297,26.55,290.17,337186,58.14,242798,153100,86401,63.92,66699,4868,337186
2025-05-12,Mon,321.99,322.21,316.77,317.09,11897025.0,321.99,322.23,316.76,317.11,5.47,321.0466,-0.02,1540008,207698,1329071,3239,13.52,322.0,966280,62.75,573728,207698,362791,36.41,-155093,10039,966280
2025-05-13,Tue,320.0,320.54,318.07,318.3,1196770.0,319.99,320.51,318.08,318.22,2.43,319.7639,0.08,576197,479626,95768,803,83.36,319.97,353865,61.41,222332,125761,95768,56.77,29993,4815,353865
2025-05-14,Wed,342.4,343.1,340.4,340.53,9573649.0,342.37,343.15,340.37,340.58,2.78,342.1397,-0.05,1030890,140535,887199,3156,13.67,342.37,742124,71.99,288766,140535,145075,49.21,-4540,6343,742124
2025-05-15,Thu,340.35,340.5,338.1,338.64,7694744.0,340.33,340.54,338.1,338.68,2.44,339.9444,-0.04,660428,79908,578492,2028,12.14,340.28,426788,64.62,233640,79908,151704,34.5,-71796,5117,426788
2025-05-16,Fri,346.07,348.5,345.5,347.94,5051456.0,346.24,348.5,345.5,347.92,3.0,346.6339,0.02,1039333,960779,78008,546,92.49,346.55,848220,81.61,191113,112559,78008,59.07,34551,4382,848220
2025-05-19,Mon,336.31,338.48,336.25,338.1,8158891.0,336.26,338.48,336.24,338.0,2.24,336.5135,0.1,770241,113491,651743,5007,14.83,336.26,559096,72.59,211145,113491,92647,55.06,20844,3649,559096
2025-05-20,Tue,347.95,350.78,347.36,348.64,5989669.0,347.94,350.77,347.38,348.56,3.39,348.6852,0.08,846318,723856,119594,2868,85.82,348.0,378217,44.69,468101,345639,119594,74.29,226045,8600,378217
2025-05-21,Wed,344.43,344.92,342.25,343.3,4062347.0,344.4,344.89,342.25,343.32,2.64,344.1665,-0.02,458640,69643,388185,812,15.21,344.62,266517,58.11,192123,69643,121668,36.4,-52025,3873,266517
2025-05-22,Thu,331.89,333.57,331.87,332.83,6375003.0,331.94,333.59,331.87,332.83,1.72,332.2655,0.0,398019,98965,295953,3101,25.06,331.92,244701,61.48,153318,98965,51252,65.88,47713,2898,244701
2025-05-23,Fri,337.55,337.74,335.2,335.78,8243895.0,337.49,337.81,335.2,335.83,2.61,336.7652,-0.05,581211,94039,484795,2377,16.25,337.14,345579,59.46,235632,94039,139216,40.32,-45177,4519,345579
2025-05-27,Tue,347.35,351.65,347.32,350.97,5420831.0,347.27,351.61,347.26,350.98,4.35,348.6392,-0.01,915298,380578,530534,4186,41.77,347.36,428683,46.84,486615,380578,101851,78.89,278727,7986,428683
2025-05-28,Wed,364.89,364.89,362.24,362.74,5657034.0,364.9,365.0,362.23,362.735,2.77,364.389,0.005,765384,576250,187762,1372,75.42,365.0,471977,61.67,293407,104273,187762,35.71,-83489,5480,471977
2025-05-29,Thu,365.29,365.51,363.89,364.94,4957789.0,365.2,365.51,363.88,364.95,1.63,364.9405,-0.01,604674,94186,509010,1478,15.61,365.09,382251,63.22,222423,94186,126759,42.63,-32573,4142,382251
2025-05-30,Fri,355.54,357.32,355.28,356.08,4539156.0,355.55,357.37,355.28,356.12,2.09,355.8103,-0.04,328470,273004,54406,1060,83.38,355.57,210776,64.17,117694,62228,54406,53.35,7822,2785,210776
2025-06-02,Mon,342.75,343.3,342.71,342.95,4271221.0,343.5,344.29,342.25,342.91,2.04,343.6289,0.04,674934,555740,116139,3055,82.71,343.83,452631,67.06,222303,103109,116139,47.03,-13030,4175,452631
2025-06-03,Tue,346.6,348.66,346.05,348.14,1264607.0,346.68,348.66,346.04,348.08,2.62,346.9036,0.06,508638,154248,349515,4875,30.62,346.5,262202,51.55,246436,154248,87313,63.85,66935,4528,262202
2025-06-04,Wed,345.1,345.6,343.33,344.26,821303.0,345.16,345.6,343.36,344.26,2.24,344.772,0.0,377639,55016,321458,1165,14.61,345.0,236904,62.73,140735,55016,84554,39.42,-29538,3413,236904
2025-06-05,Thu,322.49,324.55,322.08,323.66,1896724.0,322.57,324.51,322.08,323.66,2.43,322.6213,0.0,865596,184349,677991,3256,21.38,322.21,540855,62.48,324741,184349,137136,57.34,47213,7126,540855
2025-06-06,Fri,298.86,298.94,295.83,297.5,21023220.0,298.81,298.94,295.81,297.44,3.13,298.5048,0.06,1913685,1617999,290910,4776,84.76,298.94,1413603,73.87,500082,204396,290910,41.27,-86514,11262,1413603
2025-06-09,Mon,286.0,286.29,283.95,286.14,11259718.0,285.97,286.29,283.94,286.16,2.35,285.5265,-0.02,1367700,149919,1212286,5495,11.01,285.73,946439,69.2,421261,149919,265847,36.06,-115928,9755,946439
2025-06-10,Tue,314.94,315.09,312.56,314.2,1885971.0,315.01,315.12,312.56,314.265,2.56,314.277,-0.065,862042,616797,242187,3058,71.81,314.94,483748,56.12,378294,133049,242187,35.46,-109138,6225,483748
2025-06-11,Wed,334.49,334.56,332.12,333.97,12669435.0,334.31,334.5,332.13,333.99,2.37,334.0164,-0.02,1053319,127045,924756,1518,12.08,334.31,758262,71.99,295057,127045,166494,43.28,-39449,5647,758262
2025-06-12,Thu,323.13,324.86,322.77,323.38,5851588.0,323.13,324.87,322.77,323.47,2.1,323.3577,-0.09,400572,326833,72922,817,81.76,323.01,253396,63.26,147176,73437,72922,50.18,515,2692,253396
2025-06-13,Fri,313.99,315.99,313.3,314.67,5592548.0,314.0,315.99,313.29,314.69,2.7,314.2924,-0.02,467309,389335,75617,2357,83.74,314.0,285735,61.14,181574,103600,75617,57.81,27983,3349,285735
2025-06-16,Mon,331.2,332.05,329.2,331.55,4219570.0,331.32,332.06,329.21,331.54,2.85,330.9617,0.01,586692,113149,472833,710,19.31,331.18,368634,62.83,218058,113149,104199,52.06,8950,4226,368634
2025-06-17,Tue,326.09,327.26,325.0,326.27,983127.0,326.08,327.26,325.0,326.245,2.26,325.9116,0.025,477915,73942,396631,7342,15.71,325.91,270232,56.54,207683,73942,126399,36.91,-52457,3398,270232
2025-06-18,Wed,317.32,317.5,316.35,316.51,3097836.0,317.3,317.48,316.43,316.52,1.05,317.1741,-0.01,281667,225545,55349,773,80.3,317.31,188354,66.87,93313,37191,55349,40.19,-18158,2023,188354
2025-06-20,Fri,327.81,330.2,327.0,329.93,7598903.0,327.81,330.2,327.01,329.9,3.19,327.9703,0.03,2509240,2415707,91242,2291,96.36,327.87,2249837,89.66,259403,165870,91242,64.51,74628,4667,2249837
2025-06-23,Mon,327.7,331.36,327.4,331.01,6712147.0,327.6,331.36,327.45,330.94,3.91,328.9017,0.07,932138,769151,156132,6855,83.13,327.64,403755,43.31,528383,365396,156132,70.06,209264,8704,403755
2025-06-24,Tue,356.16,356.24,352.19,352.25,7545649.0,356.17,356.25,352.18,352.3,4.07,355.4183,-0.05,1119527,816830,301259,1438,73.06,356.11,616805,55.1,502722,200025,301259,39.9,-101234,9948,616805
2025-06-25,Wed,342.7,343.0,341.39,341.79,868624.0,342.67,343.0,341.4,341.79,1.6,342.4956,0.0,436706,82328,353605,773,18.89,342.71,276359,63.28,160347,82328,77246,51.59,5082,3038,276359
2025-06-26,Thu,324.67,327.08,324.47,325.92,4632774.0,324.58,327.09,324.47,325.98,2.62,325.2179,-0.06,565374,468683,95171,1520,83.12,324.66,311239,55.05,254135,157444,95171,62.33,62273,4676,311239
2025-06-27,Fri,324.54,324.57,320.6,322.24,3481002.0,324.55,324.6,320.59,322.22,4.01,323.3911,0.02,682222,110602,568793,2827,16.28,324.38,381702,55.95,300520,110602,187091,37.15,-76489,6850,381702
2025-06-30,Mon,319.9,323.98,319.23,323.91,1377075.0,319.93,323.95,319.24,323.9,4.71,320.2894,0.01,682209,592872,82608,6729,87.77,319.9,392481,57.53,289728,200391,82608,70.81,117783,5257,392481
2025-07-01,Tue,298.46,298.61,295.91,296.27,16341037.0,298.52,298.63,295.91,296.25,2.72,297.7804,0.02,1560164,264134,1286204,9826,17.04,298.35,856858,54.92,703306,264134,429346,38.09,-165212,14721,856858
2025-07-02,Wed,312.62,312.64,307.65,311.25,13279899.0,312.71,312.72,307.53,311.265,5.19,311.1152,-0.015,1118160,222613,878080,17467,20.22,312.4,581678,52.02,536482,222613,296402,42.89,-73789,9802,581678
2025-07-03,Thu,317.99,318.0,316.14,317.07,4428123.0,317.99,318.0,316.14,317.18,1.86,317.584,-0.11,479960,386690,92278,992,80.73,318.0,296001,61.67,183959,90689,92278,49.57,-1589,3546,296001
2025-07-07,Mon,291.37,294.71,291.03,294.41,3571840.0,291.38,294.7,291.03,294.4,3.67,291.8177,0.01,1969151,355146,1605837,8168,18.11,291.33,1382862,70.23,586289,355146,222975,61.43,132171,11875,1382862
2025-07-08,Tue,296.95,298.0,296.3,297.54,4203999.0,296.97,298.0,296.3,297.55,1.7,297.1108,-0.01,631639,540422,90034,1183,85.72,297.0,442752,70.1,188887,97670,90034,52.03,7636,4514,442752
2025-07-09,Wed,297.55,297.98,296.15,297.0,3635458.0,297.5,297.97,296.14,297.04,1.83,297.3532,-0.04,505154,82721,420339,2094,16.44,297.57,291587,57.72,213567,82721,128752,39.12,-46031,4692,291587
2025-07-10,Thu,300.05,302.3,300.0,301.75,1583889.0,300.12,302.3,299.99,301.71,2.31,300.5598,0.04,927875,180157,728274,19444,19.83,300.05,574457,61.91,353418,180157,153817,53.94,26340,6318,574457
2025-07-11,Fri,307.58,308.71,307.16,307.67,3424323.0,307.65,308.71,307.16,307.67,1.55,307.7603,0.0,414724,95881,318171,672,23.16,307.66,240327,57.95,174397,95881,77844,55.19,18037,3137,240327
2025-07-14,Mon,317.73,319.28,316.29,319.17,1423928.0,317.69,319.29,316.29,319.13,3.0,317.5763,0.04,667146,491998,170408,4740,74.27,317.6,330603,49.55,336543,161395,170408,48.64,-9013,6594,330603
2025-07-15,Tue,319.68,321.2,318.9,319.62,1218044.0,319.7,321.19,318.93,319.59,2.26,319.825,0.03,624836,201894,416165,6777,32.67,319.64,306805,49.1,318031,201894,109360,64.86,92534,5488,306805
2025-07-16,Wed,312.8,314.0,312.62,313.34,766361.0,312.82,314.0,312.6,313.315,1.4,313.0069,0.025,344645,89234,254905,506,25.93,312.7,195277,56.66,149368,89234,59628,59.94,29606,3110,195277
2025-07-17,Thu,323.12,324.01,322.4,323.21,3279869.0,323.17,324.0,322.38,323.19,1.62,323.0937,0.02,521129,129525,386995,4609,25.08,323.0,298153,57.21,222976,129525,88842,59.32,40683,4525,298153
2025-07-18,Fri,321.66,323.35,321.42,322.73,3193097.0,321.64,323.35,321.42,322.7,1.93,322.2745,0.03,1142554,1040721,100295,1538,91.21,322.19,886654,77.6,255900,154067,100295,60.57,53772,3068,886654
2025-07-21,Mon,334.4,337.8,334.32,337.66,1789350.0,334.37,337.8,334.3,337.66,3.5,335.0844,0.0,842462,731767,106158,4537,87.33,334.4,457249,54.28,385213,274518,106158,72.11,168360,7061,457249
2025-07-22,Tue,329.74,330.47,328.28,328.5,2727366.0,329.74,330.47,328.3,328.5,2.17,329.4896,0.0,412377,349699,62108,570,84.92,329.52,279834,67.86,132543,69865,62108,52.94,7757,2863,279834
2025-07-23,Wed,330.9,331.52,329.3,331.14,883034.0,330.87,331.51,329.3,331.12,2.21,330.805,0.02,437408,343444,92732,1232,78.74,331.04,269140,61.53,168268,74304,92732,44.48,-18428,3429,269140
2025-07-24,Thu,310.0,310.15,306.69,308.73,3301356.0,310.04,310.04,306.7,308.725,3.34,309.0684,0.005,1548536,298852,1241984,7700,19.4,309.75,815184,52.64,733352,298852,426800,41.18,-127948,11256,815184
2025-07-25,Fri,308.74,310.69,308.01,310.35,1812006.0,308.76,310.68,308.01,310.34,2.67,309.0932,0.01,804420,684563,116915,2942,85.41,308.79,411936,51.21,392484,272627,116915,69.99,155712,6253,411936
2025-07-28,Mon,318.07,319.34,316.71,319.17,4498608.0,318.19,319.34,316.75,319.19,2.59,317.6708,-0.02,643886,92350,548077,3459,14.42,317.67,405505,62.98,238381,92350,142572,39.31,-50222,4134,405505
2025-07-29,Tue,325.55,326.25,323.43,323.93,1083207.0,325.63,326.25,323.43,323.93,2.82,325.3445,0.0,537388,400082,136669,637,74.54,325.9,312465,58.15,224923,87617,136669,39.06,-49052,4809,312465
2025-07-30,Wed,322.18,323.85,322.14,323.13,3265902.0,322.16,323.85,322.14,323.075,1.71,322.6515,0.055,315667,271427,40105,4135,87.13,322.27,178244,56.47,137423,93183,40105,69.91,53078,2487,178244
2025-07-31,Thu,319.61,320.05,319.4,319.78,677794.0,319.64,320.04,319.4,319.77,0.64,319.5457,0.01,359645,70542,288768,335,19.63,319.41,237216,65.96,122429,70542,51552,57.78,18990,2062,237216
2025-08-01,Fri,306.12,307.66,306.0,306.78,4313237.0,306.28,307.67,306.02,306.745,1.65,306.4255,0.035,455035,391305,61443,2287,86.43,306.23,323235,71.04,131800,68070,61443,52.56,6627,2353,323235
2025-08-04,Mon,309.08,309.1,306.16,306.52,1059856.0,309.04,309.11,306.19,306.54,2.92,308.4012,-0.02,525052,71812,452351,889,13.7,309.0,323618,61.64,201434,71812,128733,35.81,-56921,3745,323618
2025-08-05,Tue,308.95,310.0,306.94,307.13,758156.0,308.98,310.0,306.91,307.14,3.09,308.8546,-0.01,382974,295915,86519,540,77.38,309.08,198008,51.7,184966,97907,86519,53.09,11388,3999,198008
2025-08-06,Wed,307.89,309.0,307.45,307.74,498081.0,307.87,309.0,307.47,307.67,1.53,308.0435,0.07,249159,52672,195262,1225,21.24,308.0,151001,60.6,98158,52672,44261,54.34,8411,2814,151001
2025-08-07,Thu,319.79,320.14,318.17,320.07,2609051.0,319.73,320.13,318.17,320.05,1.96,319.4747,0.02,431862,97107,333479,1276,22.55,319.61,230408,53.35,201454,97107,103071,48.51,-5964,3769,230408
2025-08-08,Fri,321.43,323.66,320.98,322.74,818989.0,321.46,323.65,320.98,322.74,2.67,321.9998,0.0,354274,293270,59548,1456,83.12,321.5,158824,44.83,195450,134446,59548,69.3,74898,3866,158824
2025-08-11,Mon,335.0,339.66,334.15,339.37,2065634.0,335.03,339.66,334.18,339.42,5.48,336.3009,-0.05,970509,376159,590257,4093,38.92,335.0,428780,44.18,541729,376159,161477,69.97,214682,9663,428780
2025-08-12,Tue,345.0,345.26,342.7,343.3,1332289.0,345.18,345.27,342.67,343.45,2.6,344.5627,-0.15,736759,140057,594791,1911,19.06,345.0,406395,55.16,330364,140057,188396,42.64,-48339,6076,406395
2025-08-13,Wed,341.5,342.0,340.24,341.88,782977.0,341.62,342.0,340.24,341.8,1.76,341.3862,0.08,418887,67974,350427,486,16.25,341.5,271316,64.77,147571,67974,79111,46.21,-11137,3061,271316
2025-08-14,Thu,335.76,337.96,335.49,336.09,959172.0,335.59,337.96,335.4,336.07,2.56,336.1799,0.02,436536,349588,85374,1574,80.37,335.73,253768,58.13,182768,95820,85374,52.88,10446,2898,253768
2025-08-15,Fri,337.66,339.16,337.37,337.72,1479028.0,337.57,339.15,337.3,337.72,1.85,337.9963,0.0,986466,909937,76043,486,92.29,337.91,770831,78.14,215635,139106,76043,64.66,63063,3226,770831
2025-08-18,Mon,329.66,332.85,329.59,332.11,2330365.0,329.61,332.86,329.6,332.17,3.26,330.6023,-0.06,401756,334485,64368,2903,83.86,329.89,208334,51.86,193422,126151,64368,66.21,61783,4095,208334
2025-08-19,Tue,335.79,337.27,335.58,336.37,836513.0,335.78,337.27,335.59,336.36,1.68,336.164,0.01,344464,96639,246597,1228,28.16,335.72,178252,51.75,166212,96639,68345,58.57,28294,3079,178252
2025-08-20,Wed,329.22,330.33,328.71,329.92,685415.0,329.21,330.35,328.72,329.87,1.63,329.5466,0.05,328017,94508,232551,958,28.9,329.44,177624,54.15,150393,94508,54927,63.24,39581,3190,177624
2025-08-21,Thu,322.11,323.92,322.07,322.24,2587698.0,322.08,323.92,322.0,322.22,1.92,322.4386,0.02,313420,71752,241031,637,22.94,322.0,192546,61.43,120874,71752,48485,59.68,23267,2707,192546
2025-08-22,Fri,321.67,322.61,319.94,320.02,1728552.0,321.66,322.6,319.93,320.07,2.67,321.3308,-0.05,287049,50012,236639,398,17.45,321.53,142971,49.81,144078,50012,93668,34.81,-43656,3209,142971
2025-08-25,Mon,338.92,341.45,338.54,340.32,3229451.0,338.9,341.46,338.53,340.5,2.93,339.5516,-0.18,591613,495718,94008,1887,84.06,339.0,304609,51.49,287004,191109,94008,67.03,97101,5650,304609
2025-08-26,Tue,344.93,346.77,344.29,345.9,2154746.0,344.94,346.78,344.3,345.94,2.48,345.1495,-0.04,433324,347066,85329,929,80.27,344.69,239492,55.27,193832,107574,85329,55.77,22245,4130,239492
2025-08-27,Wed,351.94,353.98,351.68,352.5,2378468.0,351.99,354.0,351.67,352.37,2.33,352.4311,0.13,449413,364116,84349,948,81.19,352.1,235537,52.41,213876,128579,84349,60.39,44230,4170,235537
2025-08-28,Thu,351.0,352.91,350.7,352.45,2393461.0,351.06,352.91,350.7,352.44,2.21,351.357,0.01,390238,325619,63386,1233,83.71,350.92,230741,59.13,159497,94878,63386,59.95,31492,2750,230741
2025-08-29,Fri,347.21,348.72,346.92,347.95,2876347.0,347.17,348.74,346.9,347.92,1.84,347.578,0.03,346020,296906,47763,1351,86.14,347.23,194466,56.2,151554,102440,47763,68.2,54677,2618,194466
2025-09-02,Tue,327.0,327.05,326.87,326.89,3900493.0,328.09,328.75,326.52,326.89,2.23,328.0353,0.0,697934,531355,165252,1327,76.28,328.25,429432,61.53,268502,101923,165252,38.15,-63329,4128,429432
2025-09-03,Wed,335.12,335.15,333.33,333.33,3933897.0,335.12,335.2,333.31,333.46,1.89,334.6382,-0.13,465103,344806,117315,2982,74.61,335.0,274174,58.95,190929,70632,117315,37.58,-46683,2992,274174
2025-09-04,Thu,336.16,336.4,334.17,334.38,2582133.0,336.06,336.45,334.16,334.38,2.29,335.5317,0.0,389448,60261,325771,3416,15.61,336.0,221041,56.76,168407,60261,104730,36.52,-44469,2559,221041
2025-09-05,Fri,348.08,350.95,347.57,350.23,6644663.0,348.05,350.95,347.58,350.24,3.37,348.9173,-0.01,1002661,781416,207929,13316,78.98,348.03,354204,35.33,648457,427212,207929,67.26,219283,9831,354204
2025-09-08,Mon,354.7,358.48,354.6,357.27,4455396.0,354.63,358.47,354.6,357.32,3.87,355.8956,-0.05,1093533,444978,643829,4726,40.87,354.7,435427,39.82,658106,444978,208402,68.1,236576,10840,435427
2025-09-09,Tue,348.44,350.2,346.9,347.29,2607230.0,348.46,350.2,346.9,347.3,3.3,348.5826,-0.01,474785,143618,328689,2478,30.41,348.31,236073,49.72,238712,143618,92616,60.79,51002,4264,236073
2025-09-10,Wed,350.37,350.56,348.61,349.79,2472659.0,350.53,350.62,348.61,349.71,2.01,350.0264,0.08,432688,57445,373771,1472,13.32,350.32,289344,66.87,143344,57445,84427,40.49,-26982,2369,289344
2025-09-11,Thu,350.17,350.45,348.53,349.33,3822371.0,350.17,350.42,348.52,349.29,1.9,349.7335,0.04,362633,52610,308996,1027,14.55,350.0,203873,56.22,158760,52610,105123,33.35,-52513,2632,203873
2025-09-12,Fri,370.78,373.41,370.25,371.84,3083662.0,370.93,373.42,370.24,371.83,3.18,371.2506,0.01,810011,212638,594617,2756,26.34,370.7,448859,55.41,361152,212638,145758,59.33,66880,6879,448859
2025-09-15,Mon,423.2,423.7,418.96,420.69,23888359.0,423.19,423.7,418.93,420.85,4.77,422.0287,-0.16,2332434,332613,1987940,11881,14.33,422.68,1584086,67.92,748348,332613,403854,45.16,-71241,12413,1584086
2025-09-16,Tue,414.0,416.1,413.98,415.38,3487549.0,414.5,416.24,413.88,415.37,2.36,414.5908,0.01,748535,157796,588886,1853,21.13,414.31,474536,63.4,273999,157796,114350,57.98,43446,4695,474536
2025-09-17,Wed,415.78,416.96,415.2,416.73,3359941.0,415.75,416.96,415.29,416.73,1.67,415.7169,0.0,556607,93689,461404,1514,16.88,415.57,378808,68.06,177799,93689,82596,53.15,11093,3745,378808
2025-09-18,Thu,428.82,429.64,426.55,427.86,5057649.0,428.82,429.65,426.54,427.86,3.11,428.4286,0.0,709627,520232,188417,978,73.41,428.81,380356,53.6,329271,139876,188417,42.61,-48541,5376,380356
2025-09-19,Fri,421.96,424.26,421.75,423.96,8932831.0,421.79,424.26,421.75,423.94,2.51,422.5569,0.02,2615609,2506422,108586,601,95.85,422.5,2377319,90.89,238290,129103,108586,54.32,20517,4048,2377319
2025-09-22,Mon,431.14,433.17,429.3,432.145,4599627.0,431.14,433.33,429.12,432.52,4.21,431.3094,-0.375,761622,195477,564026,2119,25.74,431.0,407929,53.56,353693,195477,156097,55.6,39380,6938,407929
2025-09-23,Tue,440.02,440.97,437.2,437.59,2221914.0,440.04,440.97,437.21,437.64,3.76,439.5551,-0.05,570634,98173,471931,530,17.22,439.86,342832,60.08,227802,98173,129099,43.2,-30926,4551,342832
2025-09-24,Wed,429.81,431.68,429.04,429.26,1573514.0,429.82,431.69,429.04,429.22,2.65,430.0063,0.04,444137,106187,332823,5127,24.19,429.82,268745,60.51,175392,106187,64078,62.37,42109,3428,268745
2025-09-25,Thu,435.16,435.35,431.26,432.17,3945641.0,435.16,435.33,431.31,432.04,4.02,434.213,0.13,697784,500834,170560,26390,74.6,435.0,399200,57.21,298584,101634,170560,37.34,-68926,5202,399200
2025-09-26,Fri,428.39,428.39,426.55,427.03,3390426.0,428.46,428.5,426.55,426.95,1.95,427.7794,0.08,386679,324710,61139,830,84.15,428.0,277735,71.83,108944,46975,61139,43.45,-14164,2422,277735
2025-09-29,Mon,444.36,447.4,443.0,447.4,3226507.0,444.33,447.39,443.0,447.39,4.39,444.6689,0.01,898502,285662,605044,7796,32.07,444.33,472686,52.61,425816,285662,132358,68.34,153304,9117,472686
2025-09-30,Tue,441.5,443.55,441.5,442.29,1757274.0,441.6,443.55,441.5,442.35,2.05,442.196,-0.06,376307,315109,60679,519,83.85,441.81,224462,59.65,151845,90647,60679,59.9,29968,3623,224462
2025-10-01,Wed,443.8,445.91,443.06,443.06,2002361.0,443.72,446.1,443.0,443.03,3.1,444.2544,0.03,482656,388005,93477,1174,80.59,443.89,244432,50.64,238224,143573,93477,60.57,50096,4988,244432
2025-10-02,Thu,470.37,470.76,467.0,468.98,12836333.0,470.54,470.76,467.0,468.79,3.76,469.8224,0.19,864446,108798,755057,591,12.59,470.39,593847,68.7,270599,108798,161210,40.29,-52412,6199,593847
2025-10-03,Fri,443.29,444.44,442.29,443.06,4986362.0,443.18,444.44,442.3,443.14,2.14,443.5333,-0.08,588410,494170,93730,510,84.06,443.57,420530,71.47,167880,73640,93730,44.0,-20090,3633,420530
2025-10-06,Mon,440.75,441.92,439.11,441.92,3817387.0,440.88,442.32,438.99,442.32,3.33,440.8341,-0.4,674565,152873,514206,7486,22.92,440.87,394792,58.53,279773,152873,119414,56.14,33459,5117,394792
2025-10-07,Tue,447.82,448.07,442.29,442.64,5011205.0,447.85,448.0,442.3,442.62,5.7,446.4159,0.02,612344,79671,530661,2012,13.05,447.8,302203,49.35,310141,79671,228458,25.86,-148787,5987,302203
2025-10-08,Wed,437.57,437.77,433.05,433.19,3482590.0,437.6,437.8,433.05,433.115,4.75,436.2782,0.075,559841,375931,182231,1679,67.35,437.07,299366,53.47,260475,76565,182231,29.59,-105666,6687,299366
2025-10-09,Thu,431.57,432.11,429.28,431.22,3660127.0,431.75,432.11,429.28,431.19,2.83,431.1842,0.03,470252,326147,142326,1779,69.62,431.81,224023,47.64,246229,102124,142326,41.78,-40202,5880,224023
2025-10-10,Fri,436.54,438.1,435.88,437.76,2458565.0,436.55,438.15,435.85,437.84,2.3,436.7366,-0.08,379375,83795,295016,564,22.12,436.45,210090,55.38,169285,83795,84926,49.66,-1131,4574,210090
2025-10-13,Mon,423.5,423.6,421.39,422.5,4708319.0,423.56,423.58,421.4,422.53,2.18,422.8766,-0.03,571962,66089,504619,1254,11.58,423.07,426872,74.63,145090,66089,77747,45.95,-11658,3818,426872
2025-10-14,Tue,426.75,426.83,423.93,424.61,4206212.0,426.79,426.8,423.94,424.63,2.86,426.14,-0.02,373565,273175,100266,124,73.15,426.65,238399,63.82,135166,34776,100266,25.75,-65490,3056,238399
2025-10-15,Wed,434.99,438.0,434.4,437.58,2671456.0,434.95,438.0,434.41,437.55,3.59,435.5286,0.03,419895,142132,268623,9140,34.6,434.82,213573,50.86,206322,142132,55050,72.08,87082,4644,213573
2025-10-16,Thu,434.73,436.0,433.89,435.85,2009570.0,434.74,436.06,433.87,435.86,2.19,434.8223,-0.01,335755,60606,274873,276,18.07,434.75,208457,62.09,127298,60606,66416,47.71,-5810,3646,208457
2025-10-17,Fri,425.42,427.2,423.6,424.7,2669256.0,425.89,427.2,423.61,424.7,3.59,426.0138,0.0,708152,655992,51828,332,92.68,426.07,602485,85.08,105667,53507,51828,50.8,1679,2929,602485
2025-10-20,Mon,443.94,444.55,442.0,443.68,2830910.0,443.98,444.55,441.96,443.88,2.59,443.5242,-0.2,464748,360929,102981,838,77.8,443.7,265875,57.21,198873,95054,102981,48.0,-7927,3917,265875
2025-10-21,Tue,445.76,447.03,445.2,446.45,2112014.0,445.7,447.04,445.17,446.66,1.87,446.0137,-0.21,343304,280740,61499,1065,82.03,445.76,186762,54.4,156542,93978,61499,60.44,32479,3728,186762
2025-10-22,Wed,443.45,445.4,443.2,444.19,2053063.0,443.45,445.39,443.01,444.31,2.38,443.9944,-0.12,312356,244711,64275,3370,79.2,443.46,123431,39.52,188925,121280,64275,65.36,57005,3446,123431
2025-10-23,Thu,420.1,420.36,417.4,419.38,6503253.0,420.03,420.53,417.41,419.25,3.12,419.2672,0.13,1111578,153483,951186,6909,13.89,419.61,659680,59.35,451898,153483,291506,34.49,-138023,8945,659680
2025-10-24,Fri,447.0,451.7,446.08,447.14,5052974.0,446.93,451.7,446.08,447.02,5.62,448.6765,0.12,1089039,562136,522926,3977,51.81,447.08,300226,27.57,788813,562136,222700,71.62,339436,14756,300226
2025-10-27,Mon,439.94,441.22,439.09,439.62,65653.0,439.92,441.22,439.09,439.56,2.13,440.0749,0.06,452313,392546,59181,586,86.9,439.89,289348,63.97,162965,103198,59181,63.55,44017,3607,289348
2025-10-28,Tue,454.6,454.85,452.57,452.85,2812356.0,454.81,454.86,452.58,452.78,2.28,454.2894,0.07,394917,296189,98328,400,75.08,454.75,253319,64.14,141598,42870,98328,30.36,-55458,2793,253319
2025-10-29,Wed,462.42,464.16,461.35,463.22,2508566.0,462.57,464.14,461.36,463.04,2.78,462.5997,0.18,419041,56360,362625,56,13.45,462.57,310090,74.0,108951,56360,52535,51.76,3825,2898,310090
2025-10-30,Thu,451.05,452.18,449.4,450.66,2050065.0,450.98,452.13,449.45,450.52,2.68,450.8029,0.14,605987,353955,251644,388,58.45,451.34,292395,48.25,313592,61560,251644,19.65,-190084,5217,292395
2025-10-31,Fri,446.81,449.75,446.44,447.04,1407511.0,446.79,449.75,446.42,447.2,3.33,447.2141,-0.16,416213,108153,306934,1126,26.06,446.57,258895,62.2,157318,108153,48039,69.24,60114,2997,258895
2025-11-03,Mon,455.92,456.93,453.82,455.11,1752769.0,456.0,456.93,453.8,455.03,3.13,455.6624,0.08,397613,89788,306012,1813,22.69,455.98,220138,55.36,177475,89788,85874,51.11,3914,4308,220138
2025-11-04,Tue,454.37,454.8,451.7,453.17,2906506.0,454.49,454.73,451.69,453.27,3.04,454.0214,-0.1,680921,509824,168557,2540,75.15,454.58,414430,60.86,266491,95394,168557,36.14,-73163,6151,414430
2025-11-05,Wed,452.05,455.4,451.6,454.18,3416099.0,452.05,455.39,451.61,454.1,3.78,452.6918,0.08,581392,482977,96237,2178,83.38,452.03,329841,56.73,251551,153136,96237,61.41,56899,5244,329841
2025-11-06,Thu,461.97,461.97,458.36,459.09,1952866.0,462.0,462.0,458.35,459.12,3.65,460.7905,-0.03,604984,369747,234734,503,61.17,461.97,258177,42.68,346807,111570,234734,32.22,-123164,4592,258177
2025-11-07,Fri,438.0,438.0,434.18,434.32,3796742.0,437.91,438.02,434.19,434.32,3.83,437.0686,0.0,719558,525418,192953,1187,73.14,437.6,435608,60.54,283950,89810,192953,31.76,-103143,7390,435608
2025-11-10,Mon,439.63,439.9988,439.25,439.5,2283600.0,439.7,442.69,439.0,442.65,3.69,440.1372,-3.15,632737,192141,437187,3409,30.53,439.5,329953,52.15,302784,192141,107234,64.18,84907,6334,329953
2025-11-11,Tue,439.44,439.66,437.1,438.5,1453020.0,439.5,439.6,437.1,438.5,2.5,439.0255,0.0,392151,298781,91809,1561,76.49,439.53,241175,61.5,150976,57606,91809,38.55,-34203,3467,241175
2025-11-12,Wed,442.15,442.31,440.0,440.48,1123252.0,442.17,442.3,440.0,440.41,2.3,441.5539,0.07,276691,36550,239612,529,13.23,442.02,155175,56.08,121516,36550,84437,30.21,-47887,2998,155175
2025-11-13,Thu,423.08,423.37,421.44,421.61,2074156.0,423.21,423.39,421.42,421.61,1.97,422.7659,0.0,500236,79038,418172,3026,15.9,423.0,297240,59.42,202996,79038,120932,39.52,-41894,4906,297240
2025-11-14,Fri,386.33,389.79,385.86,389.65,6149250.0,386.33,389.82,385.86,389.59,3.96,387.1718,0.06,1193209,1023092,167608,2509,85.92,386.28,650775,54.54,542434,372317,167608,68.96,204709,7501,650775
2025-11-17,Mon,398.84,401.8,398.74,400.53,2693699.0,398.82,401.78,398.73,400.5,3.05,399.6829,0.03,545971,454683,89499,1789,83.55,399.06,341790,62.6,204181,112893,89499,55.78,23394,4943,341790
2025-11-18,Tue,405.3,407.71,405.14,405.33,1947356.0,405.23,407.78,405.14,405.39,2.64,405.6075,-0.06,404526,52975,350658,893,13.12,405.35,299474,74.03,105052,52975,51184,50.86,1791,2669,299474
2025-11-19,Wed,406.13,406.53,403.5,403.76,1370858.0,406.37,406.5,403.5,403.76,3.0,405.6474,0.0,324450,255037,67921,1492,78.97,406.0,215964,66.56,108486,39073,67921,36.52,-28848,2553,215964
2025-11-20,Thu,414.63,416.08,414.53,415.22,1877979.0,414.83,416.08,414.55,415.18,1.53,415.1409,0.04,506592,415837,89285,1470,82.32,414.8,284971,56.25,221621,130866,89285,59.44,41581,4954,284971
2025-11-21,Fri,402.3,402.68,399.25,400.4,2954028.0,402.42,402.8,399.25,400.27,3.55,401.7138,0.13,947917,806383,140108,1426,85.2,401.99,735531,77.59,212386,70852,140108,33.59,-69256,4256,735531
2025-11-24,Mon,402.17,406.07,401.12,405.69,2261571.0,402.17,406.05,401.1,405.67,4.95,402.8831,0.02,641252,508819,129434,2999,79.72,402.18,303344,47.3,337908,205475,129434,61.35,76041,6849,303344
2025-11-25,Tue,414.41,414.63,412.02,413.41,2009077.0,414.5,414.63,412.02,413.29,2.61,414.1193,0.12,441768,344601,96449,718,78.13,414.59,284025,64.29,157743,60576,96449,38.58,-35873,3408,284025
2025-11-26,Wed,424.0,424.81,422.275,424.81,1565473.0,424.0,424.8,422.06,424.78,2.74,423.731,0.03,334971,264479,69663,829,79.15,424.05,196012,58.52,138959,68467,69663,49.57,-1196,3582,196012
2025-11-28,Fri,,,,,,426.59,429.93,426.56,429.86,3.37,427.4151,,404086,108524,294352,1210,26.94,426.63,251585,62.26,152501,108524,42767,71.73,65757,3492,251585
2025-12-01,Mon,425.39,427.37,425.23,427.06,1405795.0,425.39,427.38,425.2,427.05,2.18,426.2046,0.01,391038,322554,65912,2572,83.03,425.98,232913,59.56,158125,89641,65912,57.63,23729,3313,232913
2025-12-02,Tue,430.8,432.46,430.5,431.37,1293199.0,430.8,432.46,430.5,431.32,1.96,431.0101,0.05,357289,73294,283539,456,20.54,430.76,240552,67.33,116737,73294,42987,63.03,30307,3009,240552
2025-12-03,Wed,432.04,434.7,431.56,433.0,2320239.0,432.15,434.71,431.56,432.895,3.15,432.6664,0.105,365164,93941,269701,1522,25.83,432.0,182348,49.94,182816,93941,87353,51.82,6588,4434,182348
2025-12-04,Thu,449.9,450.88,448.65,450.84,2803289.0,449.81,450.88,448.67,450.805,2.21,449.8886,0.035,709439,580065,127147,2227,82.02,450.0,380991,53.7,328448,199074,127147,61.02,71927,7439,380991
2025-12-05,Fri,452.97,455.74,452.97,455.27,1615317.0,452.94,455.73,452.94,455.27,2.79,453.9932,0.0,395947,319940,75297,710,80.95,453.15,173358,43.78,222589,146582,75297,66.06,71285,6265,173358
2025-12-08,Mon,447.41,449.04,446.2,446.5,1842061.0,447.43,449.04,446.2,446.53,2.84,447.2693,-0.03,566737,460365,104803,1569,81.46,447.1,392722,69.3,174015,67643,104803,39.23,-37160,3983,392722
2025-12-09,Tue,437.6,439.23,437.27,437.99,1282287.0,437.6,439.25,437.34,437.99,1.91,437.8712,0.0,349699,288260,60784,655,82.59,437.55,221493,63.34,128206,66767,60784,52.35,5983,3375,221493
2025-12-10,Wed,445.93,446.6,444.31,444.85,1019228.0,445.96,446.65,444.3,444.88,2.35,445.7308,-0.03,292209,39789,251688,732,13.65,445.94,177387,60.71,114822,39789,74301,34.88,-34512,3421,177387
2025-12-11,Thu,448.83,449.27,446.18,446.4,1131287.0,448.99,449.25,446.16,446.37,3.09,448.3019,0.03,294403,54732,238790,881,18.65,448.8,161557,54.88,132846,54732,77233,41.47,-22501,3034,161557
2025-12-12,Fri,448.12,452.46,448.01,452.34,1385159.0,448.1,452.45,448.0,452.28,4.45,449.574,0.06,433289,185992,245607,1690,43.09,448.0,167762,38.72,265527,185992,77845,70.5,108147,4873,167762
2025-12-15,Mon,469.45,474.69,467.7,473.65,4629962.0,469.45,474.7,467.7,473.6,7.0,470.5913,0.05,1477589,1302373,165223,9993,88.74,469.57,614934,41.62,862655,687439,165223,80.62,522216,15558,614934
2025-12-16,Tue,472.15,473.49,470.95,472.22,2217261.0,472.17,473.44,470.96,472.175,2.48,472.3132,0.045,469986,391797,77194,995,83.54,472.3,313841,66.78,156145,77956,77194,50.25,762,3671,313841
2025-12-17,Wed,488.21,492.7,487.17,491.98,3377079.0,488.14,492.7,487.13,491.83,5.57,489.2285,0.15,885455,701144,176019,8292,79.93,488.2,436671,49.32,448784,264473,176019,60.04,88454,8039,436671
2025-12-18,Thu,477.99,480.25,477.5,479.84,2384959.0,478.16,480.26,477.55,479.84,2.71,478.2915,0.0,535961,184357,350644,960,34.46,477.59,266808,49.78,269153,184357,83836,68.74,100521,4454,266808
2025-12-19,Fri,488.3,490.49,487.02,488.59,4763786.0,488.16,490.49,487.0,488.62,3.49,488.5899,-0.03,2774751,2666823,106570,1358,96.16,488.55,2505437,90.29,269314,161386,106570,60.23,54816,5024,2505437
2025-12-22,Mon,489.25,489.43,489.25,489.35,2582506.0,489.8,492.2,487.7,489.35,4.5,490.001,0.0,790674,277008,512410,1256,35.09,489.71,354944,44.89,435730,277008,157466,63.76,119542,8375,354944
2025-12-23,Tue,489.38,491.88,489.04,491.64,1735594.0,489.32,491.91,489.05,491.66,2.86,490.3279,-0.02,481295,379525,100963,807,78.99,489.86,245205,50.95,236090,134320,100963,57.09,33357,4627,245205
2025-12-24,Wed,488.42,490.9,487.83,489.1,1168529.0,488.5,490.9,487.84,489.21,3.06,489.1994,-0.11,293734,132241,160376,1117,45.19,488.3,106138,36.13,187596,132241,54238,70.91,78003,3814,106138
2025-12-26,Fri,485.14,487.25,484.7,486.59,783651.0,485.3,487.26,484.69,486.5,2.57,485.7146,0.09,213586,175205,37358,1023,82.42,485.41,125757,58.88,87829,49448,37358,56.96,12090,2510,125757
2025-12-29,Mon,468.95,469.35,466.1,467.47,1761099.0,469.0,469.37,466.09,467.41,3.28,468.3573,0.06,522290,388243,129269,4778,75.02,468.88,294208,56.33,228082,94035,129269,42.11,-35234,6577,294208
2025-12-30,Tue,461.09,462.0,459.42,460.16,1455768.0,461.14,462.0,459.43,460.22,2.57,460.6657,-0.06,392652,57663,334113,876,14.72,460.74,236368,60.2,156284,57663,97745,37.1,-40082,3387,236368
2025-12-31,Wed,456.08,456.54,454.83,455.55,1187225.0,456.11,456.55,454.82,455.56,1.73,455.8814,-0.01,233198,34190,198914,94,14.67,456.05,151889,65.13,81309,34190,47025,42.1,-12835,2180,151889
2026-01-02,Fri,457.9,458.34,456.0,457.74,4047111.0,457.84,458.33,456.0,457.7,2.33,457.5401,0.04,552766,387754,161369,3643,70.61,457.77,299411,54.17,253355,88343,161369,35.38,-73026,5563,299411
2026-01-05,Mon,447.25,447.25,446.9,446.9,1856282.0,447.8,447.99,446.0,446.93,1.99,447.7477,-0.03,584446,514170,69376,900,88.11,447.99,445672,76.26,138774,68498,69376,49.68,-878,3266,445672
2026-01-06,Tue,444.15,444.27,444.15,444.27,1880314.0,446.27,448.25,443.8,444.14,4.45,445.6546,0.13,657818,96612,558111,3095,14.76,445.69,394325,59.94,263493,96612,163786,37.1,-67174,6515,394325
2026-01-07,Wed,435.91,435.97,433.32,433.49,1735910.0,435.9,435.92,433.33,433.51,2.59,435.1886,-0.02,467877,49366,418079,432,10.56,435.6,299575,64.03,168302,49366,118504,29.41,-69138,4560,299575
2026-01-08,Thu,427.81,428.85,425.35,425.49,1749387.0,427.79,428.86,425.35,425.49,3.51,427.6245,0.0,514560,385153,124801,4606,75.53,427.97,333432,64.8,181128,51721,124801,29.3,-73080,5305,333432
2026-01-09,Fri,435.82,436.01,432.5,432.87,1361733.0,435.9,436.06,432.5,432.8,3.56,435.2437,0.07,409447,58457,348907,2083,14.35,435.89,234448,57.26,174999,58457,114459,33.81,-56002,4247,234448
2026-01-12,Mon,441.17,441.53,438.51,439.28,2563101.0,441.21,441.51,438.52,439.31,2.99,440.6596,-0.03,515927,65666,448264,1997,12.78,441.17,316731,61.39,199196,65666,131533,33.3,-65867,4314,316731
2026-01-13,Tue,450.15,450.44,448.5,450.25,1402374.0,450.16,450.49,448.5,450.2,1.99,449.7741,0.05,400007,303249,95658,1100,76.02,450.0,237719,59.43,162288,65530,95658,40.65,-30128,4021,237719
2026-01-14,Wed,439.67,439.93,439.29,439.85,1160455.0,442.88,443.0,439.29,439.89,3.71,441.8144,-0.04,381002,225676,153859,1467,59.46,443.0,189986,49.86,191016,35690,153859,18.83,-118169,5076,189986
2026-01-15,Thu,441.13,444.46,440.86,443.42,1169293.0,441.11,444.44,440.88,443.345,3.56,441.9217,0.075,379936,113209,265913,814,29.86,441.07,215402,56.69,164534,113209,50511,69.15,62698,3883,215402
2026-01-16,Fri,439.51,442.34,439.18,442.18,2162353.0,439.55,442.36,439.19,442.26,3.17,439.7488,-0.08,1174669,1129040,45154,475,96.15,439.59,1044406,88.91,130263,84634,45154,65.21,39480,3413,1044406
2026-01-20,Tue,429.47,430.66,426.66,426.75,2458678.0,429.16,430.68,426.67,426.73,4.01,429.1075,0.02,812874,677073,135069,732,83.37,429.19,585887,72.08,226987,91186,135069,40.3,-43883,5216,585887
2026-01-21,Wed,421.76,421.76,419.64,421.19,1781325.0,421.64,421.71,419.63,421.18,2.08,421.124,0.01,517523,53586,463273,664,10.37,421.36,364923,70.51,152600,53586,98350,35.27,-44764,4369,364923
2026-01-22,Thu,435.16,435.23,433.61,434.81,1182028.0,435.19,435.3,433.61,434.85,1.69,434.7283,-0.04,319651,56997,262183,471,17.86,435.01,199004,62.26,120647,56997,63179,47.43,-6182,2879,199004
2026-01-23,Fri,447.42,449.56,447.42,448.11,2391671.0,447.42,449.98,447.29,447.6,2.69,448.2485,0.51,443415,357463,85242,710,80.75,447.67,241574,54.48,201841,115889,85242,57.62,30647,5709,241574
2026-01-26,Mon,445.03,445.06,442.15,442.64,1121872.0,445.06,445.06,442.15,442.65,2.91,444.4466,-0.01,358918,281502,76305,1111,78.67,445.0,221905,61.83,137013,59597,76305,43.85,-16708,4574,221905
2026-01-27,Tue,437.48,437.48,435.2,435.95,989272.0,437.33,437.51,435.2,435.96,2.31,436.8733,-0.01,293064,213698,78517,849,73.13,437.51,168387,57.46,124677,45311,78517,36.59,-33206,3566,168387
2026-01-28,Wed,431.91,433.5,431.2,433.28,1026946.0,431.91,433.5,431.2,433.15,2.3,431.8378,0.13,317001,40402,275437,1162,12.79,431.81,230294,72.65,86707,40402,45143,47.23,-4741,2593,230294
2026-01-29,Thu,437.61,438.83,435.61,436.9,2148816.0,437.68,438.82,435.6,436.9,3.22,437.847,0.0,588048,461359,125441,1248,78.62,438.0,387329,65.87,200719,74030,125441,37.11,-51411,3938,387329
2026-01-30,Fri,425.77,429.64,423.5,429.41,2072939.0,425.77,429.64,423.5,429.37,6.14,426.1213,0.04,610331,512124,87932,10275,85.35,425.48,347406,56.92,262925,164718,87932,65.2,76786,5194,347406
2026-02-02,Mon,421.13,421.68,417.1,417.6,3277738.0,421.25,421.69,417.1,417.64,4.59,420.3623,-0.04,664363,55760,606760,1843,8.42,421.28,402275,60.55,262088,55760,204485,21.43,-148725,5942,402275
2026-02-03,Tue,423.92,423.92,422.55,423.03,1009179.0,424.27,424.31,422.28,423.05,2.03,423.8836,-0.02,353141,290038,62253,850,82.33,424.15,243076,68.83,110065,46962,62253,43.0,-15291,3007,243076
2026-02-04,Wed,420.36,421.0,418.59,418.89,835283.0,420.31,421.0,418.58,418.89,2.42,420.2674,0.0,223356,162804,59654,898,73.18,420.68,141623,63.41,81733,21181,59654,26.2,-38473,5078,141623
2026-02-05,Thu,397.04,398.41,396.14,397.08,2218947.0,397.06,398.41,396.11,397.09,2.3,397.1394,-0.01,580094,474261,101966,3867,82.3,397.04,377989,65.16,202105,96272,101966,48.56,-5694,5913,377989
2026-02-06,Fri,400.87,401.15,398.16,398.91,1870145.0,401.05,401.22,398.15,398.82,3.07,400.7123,0.09,574534,48711,525517,306,8.48,401.0,456894,79.52,117640,48711,68623,41.51,-19912,3125,456894
2026-02-09,Mon,409.9,410.97,408.83,409.97,1164418.0,409.99,410.9,408.78,410.12,2.12,409.9865,-0.15,339805,287948,50292,1565,85.13,410.0,235741,69.38,104064,52207,50292,50.93,1915,2479,235741
2026-02-10,Tue,418.11,421.98,417.0,421.27,1112060.0,418.32,421.99,417.0,421.23,4.99,418.805,0.04,375708,100688,274294,726,26.85,418.06,195256,51.97,180452,100688,79038,56.02,21650,4463,195256
2026-02-11,Wed,427.96,431.15,427.93,431.06,1285809.0,427.98,431.15,427.98,431.06,3.17,428.8177,0.0,408158,134169,273344,645,32.92,428.04,220565,54.04,187593,134169,52779,71.77,81390,4717,220565
2026-02-12,Thu,,,,,,430.32,433.9,429.7,433.64,4.2,431.0938,,357673,96418,260387,868,27.02,430.16,198147,55.4,159526,96418,62240,60.77,34178,3577,198147
2026-02-13,Fri,414.23,415.56,412.41,414.6,1330047.0,414.12,415.56,412.41,414.87,3.15,414.0312,-0.27,382294,66596,315548,150,17.43,414.05,249062,65.15,133232,66596,66486,50.04,110,3459,249062
2026-02-17,Tue,412.4,413.69,409.11,409.25,1161886.0,412.36,413.7,409.18,409.25,4.52,412.2168,0.0,399595,60505,338316,774,15.17,412.86,237212,59.36,162383,60505,101104,37.44,-40599,5051,237212
2026-02-18,Wed,410.67,412.03,409.75,411.83,785390.0,411.11,412.04,409.75,411.84,2.29,410.8641,-0.01,213632,148480,64721,431,69.64,410.88,101538,47.53,112094,46942,64721,42.04,-17779,2660,101538
2026-02-19,Thu,407.28,407.36,405.43,406.01,860355.0,407.23,407.37,405.42,405.985,1.95,406.8293,0.025,219225,36536,181795,894,16.73,407.31,107400,48.99,111825,36536,74395,32.94,-37859,2299,107400
2026-02-20,Fri,408.3,408.52,405.5,407.36,1252364.0,408.28,408.5,405.5,407.18,3.0,408.0433,0.18,602041,519254,82226,561,86.33,408.41,475472,78.98,126569,43782,82226,34.75,-38444,3121,475472
2026-02-23,Mon,407.29,407.7,406.39,406.88,754018.0,407.29,407.7,406.35,406.84,1.35,407.1796,0.04,282986,39933,242374,679,14.15,407.26,187272,66.18,95714,39933,55102,42.02,-15169,2893,187272
2026-02-24,Tue,399.54,401.23511,399.51,401.10001,1069654.0,399.54,401.52,399.2,400.97,2.32,399.876,0.13,353579,302072,46497,5010,86.66,399.51,217331,61.47,136248,84741,46497,64.57,38244,2911,217331
2026-02-25,Wed,,,,,,412.2,415.48,412.14,415.27,3.34,413.5711,,430229,176841,250443,2945,41.39,412.21,166692,38.74,263537,176841,83751,67.86,93090,9886,166692
2026-02-26,Thu,414.49,416.81,413.11,413.35,842400.0,414.52,416.8,413.11,413.4,3.69,414.9115,-0.05,309229,87962,220645,622,28.5,414.86,133157,43.06,176072,87962,87488,50.14,474,3680,133157
2026-02-27,Fri,402.94,404.49,402.01,402.83,899958.0,402.93,404.5,402.01,402.85,2.49,403.0299,-0.02,290929,233881,56897,151,80.43,402.89,175723,60.4,115206,58158,56897,50.55,1261,2635,175723
2026-03-02,Mon,390.32,391.79,388.74,389.45,2153254.0,390.58,391.79,388.74,389.44,3.05,390.2529,0.01,832884,628755,202706,1423,75.62,390.36,524063,62.92,308821,104692,202706,34.06,-98014,9097,524063
2026-03-03,Tue,395.09,395.09,392.63,394.38,2659269.0,395.16,395.16,392.63,394.69,2.53,394.6415,-0.31,430510,356525,73164,821,82.97,395.0,308182,71.59,122328,48343,73164,39.79,-24821,3422,308182
2026-03-04,Wed,397.85,398.02,394.55,397.62,3209899.0,397.87,398.01,394.59,397.66,3.42,396.9644,-0.04,492898,363385,128402,1111,73.89,397.45,272630,55.31,220268,90755,128402,41.41,-37647,4406,272630
2026-03-05,Thu,401.53,402.31,400.3,401.25,1556048.0,401.58,402.31,400.3,401.3,2.01,401.3394,-0.05,296006,47953,246938,1115,16.26,401.42,190573,64.38,105433,47953,56365,45.97,-8412,2390,190573
2026-03-06,Fri,398.19,398.31,395.57,396.67,2507991.0,398.17,398.23,395.57,396.74,2.66,397.3512,-0.07,443982,267352,175523,1107,60.37,398.1,200028,45.05,243954,67324,175523,27.72,-108199,4601,200028
2026-03-09,Mon,390.02,392.2,389.57,392.02,2151414.0,390.02,392.2,389.5,392.05,2.7,390.242,-0.03,436893,384732,50750,1411,88.35,390.0,307347,70.35,129546,77385,50750,60.39,26635,2510,307347
2026-03-10,Tue,402.05,404.31,401.12,404.03,2099896.0,402.1,404.3,401.13,404.02,3.17,402.4634,0.01,323790,97309,225431,1050,30.15,401.99,179750,55.51,144040,97309,45681,68.05,51628,3009,179750
2026-03-11,Wed,402.27,404.81,402.11,404.14,1519998.0,402.21,404.81,402.12,404.09,2.69,402.9725,0.05,247962,83505,164219,238,33.71,402.15,128160,51.69,119802,83505,36059,69.84,47446,2253,128160
2026-03-12,Thu,405.22,406.39,404.24,404.53,1621537.0,405.18,406.44,404.21,404.63,2.23,405.0204,-0.1,332961,57419,272882,2660,17.38,405.0,191821,57.61,141140,57419,81061,41.46,-23642,2451,191821
2026-03-13,Fri,399.02,400.2,397.89,398.2,1794083.0,399.05,400.16,397.86,398.2,2.3,398.7873,0.0,316501,47740,268157,604,15.11,398.77,201149,63.55,115352,47740,67008,41.6,-19268,2915,201149
2026-03-16,Mon,396.13,397.31,394.95,397.31,1335032.0,396.22,397.3,394.95,397.3,2.35,395.9807,0.01,326460,52147,272806,1507,16.05,396.0,217059,66.49,109401,52147,55747,48.33,-3600,2914,217059
2026-03-17,Tue,395.66,395.89,392.99,394.19,66931.0,395.69,395.9,393.0,394.28,2.9,394.7449,-0.09,325166,220091,104212,863,67.87,395.23,178068,54.76,147098,42023,104212,28.74,-62189,3926,178068
2026-03-18,Wed,399.16,401.52,399.01,400.62,38336.0,398.94,401.54,398.94,400.61,2.6,399.776,0.01,265462,74127,190702,633,27.99,399.1,141377,53.26,124085,74127,49325,60.05,24802,3246,141377
2026-03-19,Thu,387.23,387.27,382.08,382.73,111137.0,387.2,387.25,382.05,382.8,5.2,384.8255,-0.07,740185,418547,298760,22878,58.35,386.58,280265,37.86,459920,138282,298760,31.64,-160478,11719,280265
2026-03-20,Fri,379.6,379.87,376.71,376.79,73202.0,379.57,379.89,376.72,376.85,3.17,379.7376,-0.06,2424108,2283767,138862,1479,94.27,379.89,2224097,91.75,200011,59670,138862,30.06,-79192,5800,2224097
2026-03-23,Mon,373.08,376.8,372.73,375.89,548970.0,373.17,376.8,373.17,375.94,3.63,373.8696,-0.05,532393,446088,85188,1117,83.97,373.2,332857,62.52,199536,113231,85188,57.07,28043,4190,332857
2026-03-24,Tue,376.82,379.71,376.3,379.62,1728435.0,376.84,379.74,376.3,379.59,3.44,377.2678,0.03,383700,89670,293533,497,23.4,376.45,239295,62.37,144405,89670,54238,62.31,35432,2601,239295
2026-03-25,Wed,389.88,392.39,389.3,390.36,73071.0,390.02,392.39,389.28,390.29,3.11,390.1855,0.07,387074,297619,79948,9507,78.83,389.7,188123,48.6,198951,109496,79948,57.8,29548,3688,188123
2026-03-26,Thu,381.58,382.8,381.34,382.17,31381.0,381.68,382.8,381.31,382.23,1.49,381.9872,-0.06,288635,50306,237626,703,17.47,382.01,193024,66.87,95611,50306,44602,53.01,5704,1890,193024
2026-03-27,Fri,369.63,369.85,367.85,369.47,42677.0,369.8,369.85,367.85,369.51,2.0,369.4012,-0.04,286547,208180,77560,807,72.86,369.8,165413,57.73,121134,42767,77560,35.54,-34793,2930,165413
2026-03-30,Mon,365.86,365.95,363.78,363.82,377944.0,365.98,366.55,363.0,363.76,3.55,365.4605,0.06,367353,53841,312793,719,14.69,366.05,244663,66.6,122690,53841,68130,44.14,-14289,2628,244663
2026-03-31,Tue,361.54,363.29,361.0,362.29,41990.0,361.82,363.3,361.16,362.34,2.14,361.7773,-0.05,359772,294482,64300,990,82.08,361.5,228216,63.43,131556,66266,64300,50.75,1966,2414,228216
2026-04-01,Wed,378.63,378.72,376.78,376.78,820567.0,378.69,379.15,376.15,376.59,3.0,378.231,0.19,466020,368478,96531,1011,79.24,378.69,294980,63.3,171040,73498,96531,43.23,-23033,3628,294980
2026-04-02,Thu,364.06,367.28,363.66,366.17,87696.0,364.04,367.25,363.67,366.17,3.58,364.605,0.0,551145,422223,125659,3263,77.06,363.77,310708,56.38,240437,111515,125659,47.02,-14144,3630,310708
2026-04-06,Mon,362.6,364.71,361.48,364.67,72712.0,362.46,364.73,361.46,364.56,3.27,362.6195,0.11,454055,63777,387158,3120,14.14,362.45,299048,65.86,155007,63777,88110,41.99,-24333,3124,299048
2026-04-07,Tue,346.43,347.65,344.85,347.33,77890.0,346.27,347.66,344.91,347.33,2.75,346.2357,0.0,607328,77766,529252,310,12.81,346.27,399025,65.7,208303,77766,130227,37.39,-52461,6009,399025
2026-04-08,Wed,364.01,364.5,358.76,359.37,101023.0,363.73,364.5,358.76,358.95,5.74,362.8444,0.42,716856,462684,250281,3891,64.9,364.0,375094,52.32,341762,87590,250281,25.92,-162691,7206,375094
2026-04-09,Thu,343.03,344.12,342.08,342.79,301786.0,343.1,344.1,342.06,342.73,2.04,343.2189,0.06,341041,301388,39432,221,88.43,343.25,270987,79.46,70054,30401,39432,43.53,-9031,2054,270987
2026-04-10,Fri,345.6,347.29,345.06,347.29,572052.0,346.19,347.63,344.95,347.3,2.68,346.2251,-0.01,303317,223962,78919,436,73.94,346.4,176725,58.26,126592,47237,78919,37.44,-31682,3713,176725
2026-04-13,Mon,349.89,349.89,349.55,349.8,691413.0,350.15,350.58,349.32,349.83,1.26,349.7803,-0.03,321078,61157,259324,597,19.08,349.72,218127,67.94,102951,61157,41197,59.75,19960,2743,218127
2026-04-14,Tue,357.62,357.84,356.0,357.84,406803.0,357.7,358.33,354.77,357.93,3.56,357.1423,-0.09,430259,281897,147156,1206,65.7,357.66,197638,45.93,232621,84259,147156,36.41,-62897,4121,197638
2026-04-15,Wed,366.81,366.84,362.5,364.37,84828.0,366.77,366.77,362.5,364.33,4.27,365.421,0.04,582780,370520,211037,1223,63.71,366.7,273796,46.98,308984,96724,211037,31.43,-114313,6201,273796
2026-04-16,Thu,,,,,,393.74,394.06,390.0,391.25,4.06,393.0436,,695836,519011,175308,1517,74.75,394.06,428545,61.59,267291,90466,175308,34.04,-84842,6453,428545
2026-04-17,Fri,396.1,396.39,392.48,394.66,61664.0,396.1,396.46,392.5,394.66,3.96,395.7086,0.0,1017937,72443,943612,1882,7.13,396.12,820989,80.65,196948,72443,122623,37.14,-50180,3804,820989
2026-04-20,Mon,402.58,406.76,401.54,405.69,118960.0,402.65,406.8,401.55,405.66,5.25,403.3861,0.03,599900,141501,454135,4264,23.76,402.46,328057,54.69,271843,141501,126078,52.88,15423,4918,328057
2026-04-21,Tue,393.16,393.34,391.2,391.5,40856.0,393.06,393.38,391.2,391.43,2.18,392.5887,0.07,362666,42465,319547,654,11.73,392.78,231317,63.78,131349,42465,88230,32.49,-45765,3254,231317
2026-04-22,Wed,387.57,387.7,385.3,386.83,35427.0,387.58,387.7,385.3,386.71,2.4,386.3933,0.12,342464,65561,275238,1665,19.24,386.52,202030,58.99,140434,65561,73208,47.24,-7647,3411,202030
2026-04-23,Thu,375.42,375.6,371.18,372.64,104601.0,375.29,375.29,371.18,372.635,4.11,373.9071,0.005,932775,613374,307315,12086,66.62,375.0,472688,50.68,460087,140686,307315,31.4,-166629,8983,472688
2026-04-24,Fri,373.54,374.45,370.68,374.31,94398.0,373.55,374.45,370.7,374.36,3.75,372.4925,-0.05,562885,408628,150418,3839,73.09,372.52,301243,53.52,261642,107385,150418,41.65,-43033,5221,301243
2026-04-27,Mon,372.09,372.19,367.75,368.16,94120.0,372.06,372.32,367.76,368.1,4.56,370.7531,0.06,522285,286144,234692,1449,54.94,372.0,228398,43.73,293887,57746,234692,19.75,-176946,7530,228398
2026-04-28,Tue,374.68,377.07,372.55,375.77,66756.0,374.72,377.06,372.55,375.84,4.51,374.4377,-0.07,445676,292076,149695,3905,66.11,374.06,170512,38.26,275164,121564,149695,44.81,-28131,4835,170512
2026-04-29,Wed,375.43,376.02,374.08,374.77,39582.0,375.43,376.05,374.05,374.83,2.0,374.9408,-0.06,272283,181064,88683,2536,67.12,374.82,123394,45.32,148889,57670,88683,39.4,-31013,3084,123394
2026-04-30,Thu,372.8,373.0,370.5,370.96,53790.0,372.65,373.05,370.5,371.09,2.55,371.9907,-0.13,291279,202290,88189,800,69.64,372.3,138847,47.67,152432,63443,88189,41.84,-24746,3561,138847
2026-05-01,Fri,382.49,386.07,381.67,385.32,59775.0,382.39,386.09,381.75,385.28,4.34,383.6947,0.04,384115,294380,88170,1565,76.95,382.61,132794,34.57,251321,161586,88170,64.7,73416,4685,132794
2026-05-04,Mon,390.1,392.3,387.87,388.65,50216.0,390.16,392.32,387.86,388.18,4.46,389.908,0.47,497502,169370,327699,433,34.07,390.0,221278,44.48,276224,169370,106421,61.41,62949,4181,221278
2026-05-05,Tue,395.18,398.29,393.93,396.0,54659.0,395.0,398.28,393.91,395.99,4.37,395.8313,0.01,437299,145535,289533,2231,33.45,395.0,190632,43.59,246667,145535,98901,59.54,46634,3692,190632
2026-05-06,Wed,386.24,386.25,384.02,385.05,51999.0,385.99,386.25,384.02,385.06,2.23,385.0096,-0.01,428193,64390,362174,1629,15.1,385.06,243589,56.89,184604,64390,118585,35.19,-54195,3401,243589
2026-05-07,Thu,407.51999,409.53,407.51999,408.88,1277448.0,407.61,410.0,407.49,408.69,2.51,408.2276,0.19,623220,189485,432236,1499,30.48,407.6,340763,54.68,282457,189485,91473,67.44,98012,5056,340763
2026-05-08,Fri,416.48,420.01,416.45,419.49,107826.0,416.56,420.0,416.39,419.64,3.61,417.9684,-0.15,582357,283523,293721,5113,49.12,416.39,223793,38.43,358564,283523,69928,80.22,213595,7618,223793
2026-05-11,Mon,422.15,425.31,421.53,423.47,70723.0,422.16,425.33,421.51,423.21,3.82,422.4714,0.26,460893,79338,380673,882,17.25,422.15,305705,66.33,155188,79338,74968,51.42,4370,3639,305705
2026-05-12,Tue,441.38,444.88,440.64,441.56,73784.0,441.45,444.86,440.61,441.67,4.25,442.2863,-0.11,518122,116548,399389,2185,22.59,441.74,314248,60.65,203874,116548,85141,57.79,31407,3902,314248
2026-05-13,Wed,436.6,439.64,436.6,439.02,56250.0,436.6,439.67,436.6,439.17,3.07,438.0446,-0.15,319339,106627,212307,405,33.43,437.78,156170,48.9,163169,106627,56137,65.51,50490,2895,156170
2026-05-14,Thu,446.49,447.0,444.7,445.4,49934.0,446.53,446.84,444.76,445.39,2.08,445.6945,0.01,349974,58672,290535,767,16.8,445.9,195353,55.82,154621,58672,95182,38.13,-36510,3572,195353
2026-05-15,Fri,434.26,434.66,431.6,431.68,43298.0,434.01,434.66,431.61,431.68,3.05,433.9132,0.0,1034368,956766,77592,10,92.5,434.01,904669,87.46,129699,52097,77592,40.17,-25495,3048,904669
2026-05-18,Mon,419.26,420.4,417.7,419.24,70715.0,419.4,420.4,417.71,419.44,2.69,419.0177,-0.2,380072,75536,303403,1133,19.93,419.15,232592,61.2,147480,75536,70811,51.61,4725,3968,232592
2026-05-19,Tue,402.98,404.58,401.33,403.41,409256.0,403.22,404.57,401.33,403.15,3.24,402.7213,0.26,409634,331131,76084,2419,81.32,402.67,262006,63.96,147628,69125,76084,47.6,-6959,3609,262006
2026-05-20,Wed,407.7,410.21,406.92,410.05,54652.0,407.66,410.21,406.9,410.12,3.31,408.0216,-0.07,326550,79229,246098,1223,24.35,407.69,188724,57.79,137826,79229,57374,58.0,21855,3079,188724
2026-05-21,Thu,422.26,423.36,421.07,421.2,44799.0,422.31,423.44,421.06,421.2,2.38,422.3291,0.0,336125,274671,60031,1423,82.06,422.35,215237,64.03,120888,59434,60031,49.75,-597,2131,215237
2026-05-22,Fri,422.67,425.0,422.59,424.03,51862.0,422.7,425.0,422.7,424.1,2.3,423.8213,-0.07,297452,74172,221063,2217,25.12,423.64,167274,56.24,130178,74172,53789,57.96,20383,2668,167274
2026-05-26,Tue,430.14,433.11,430.0,431.73,61590.0,430.22,433.11,429.95,431.58,3.16,430.5011,0.15,482652,113033,369218,401,23.44,430.0,328130,67.98,154522,113033,41088,73.34,71945,3191,328130
2026-05-27,Wed,442.88,444.7,441.92,443.7,80791.0,442.99,444.7,441.84,443.5,2.86,443.4663,0.2,467075,112011,353275,1789,24.07,443.31,273126,58.48,193949,112011,80149,58.29,31862,4517,273126
2026-05-28,Thu,437.62,440.95,436.67,437.05,53881.0,437.68,440.95,436.67,437.0,4.28,438.4586,0.05,344590,74256,270257,77,21.55,438.13,220979,64.13,123611,74256,49278,60.11,24978,2699,220979
2026-05-29,Fri,439.96,440.7,437.05,437.34,67642.0,439.91,440.75,437.06,437.37,3.69,439.3199,-0.03,335312,82320,250383,2609,24.74,439.58,161354,48.12,173958,82320,89029,48.04,-6709,2960,161354
2026-06-01,Mon,427.38,428.93,424.41,424.54,281308.0,427.38,429.6,424.43,424.57,5.17,426.9062,-0.03,410802,43617,366514,671,10.63,427.42,233661,56.88,177141,43617,132853,24.72,-89236,3994,233661
2026-06-02,Tue,418.08,419.49,417.12,418.58,61745.0,418.25,419.49,417.05,418.53,2.44,418.2723,0.05,397340,314088,82767,485,79.14,418.32,224473,56.49,172867,89615,82767,51.99,6848,2479,224473
2026-06-03,Wed,418.79,419.47,416.0,416.86,56170.0,418.7,419.44,416.0,416.84,3.44,418.0381,0.02,272213,54120,217356,737,19.94,418.42,155725,57.21,116488,54120,61631,46.76,-7511,2424,155725
2026-06-04,Thu,419.71,420.58,418.06,418.58,29835.0,419.82,420.8,418.04,419.63,2.76,419.4572,-1.05,313122,48081,262297,2744,15.49,419.59,209944,67.05,103178,48081,52353,47.87,-4272,2771,209944
2026-06-05,Fri,420.66,423.36,420.5,422.81,62864.0,420.47,423.44,420.47,422.78,2.97,421.6037,0.03,339431,117367,221447,617,34.64,420.91,180227,53.1,159204,117367,41220,74.01,76147,3034,180227
2026-06-08,Mon,396.01,399.56,394.71,399.53,63521.0,396.24,399.56,394.77,399.52,4.79,396.2218,0.01,579140,122510,456254,376,21.17,396.0,371853,64.21,207287,122510,84401,59.21,38109,3455,371853
2026-06-09,Tue,411.03,414.28,410.81,414.28,408865.0,411.0,414.27,410.81,414.26,3.46,411.4716,0.02,253959,47904,202867,3188,19.1,410.88,167807,66.08,86152,47904,35060,57.74,12844,1920,167807
2026-06-10,Wed,391.31,394.57,391.11,391.58,38691.0,391.4,394.54,391.1,391.64,3.44,391.4992,-0.06,321688,54954,265723,1011,17.14,391.11,233760,72.67,87928,54954,31963,63.23,22991,1946,233760
2026-06-11,Thu,388.4,388.4,386.0,387.16,52147.0,388.29,388.39,385.98,387.06,2.41,387.7508,0.1,405777,343080,62119,578,84.67,388.01,297366,73.28,108411,45714,62119,42.39,-16405,2232,297366
2026-06-12,Fri,399.44,400.41,396.58,400.27,60753.0,399.26,400.4,396.54,400.23,3.86,398.9171,0.04,351057,265180,83952,1925,75.95,399.15,190782,54.35,160275,74398,83952,46.98,-9554,4402,190782
2026-06-15,Mon,412.3,414.44,409.85,410.65,65905.0,412.05,414.44,409.83,410.73,4.61,411.9862,-0.08,545951,96383,449299,269,17.66,412.01,338108,61.93,207843,96383,111191,46.43,-14808,4386,338108
2026-06-16,Tue,404.11,404.2,401.81,401.81,499046.0,404.2,404.41,401.58,401.59,2.83,403.4374,0.22,444820,376332,66973,1515,84.89,403.6,335968,75.53,108852,40364,66973,37.6,-26609,2410,335968
2026-06-17,Wed,401.53,401.9,400.38,401.78,28112.0,401.59,401.9,400.35,401.78,1.55,401.4504,0.0,245320,33847,210489,984,13.85,401.59,163308,66.57,82012,33847,47181,41.77,-13334,1698,163308
2026-06-18,Thu,398.1,399.0,397.01,397.87,51799.0,398.1,399.0,397.01,397.86,1.99,398.5347,0.01,2474309,2404718,64758,4833,97.38,398.56,2343582,94.72,130727,61136,64758,48.56,-3622,2482,2343582
2026-06-22,Mon,394.85,398.33,394.41,398.27,32454.0,394.9,398.35,394.42,398.35,3.93,395.1389,-0.08,445562,60804,384266,492,13.66,394.94,353019,79.23,92543,60804,31247,66.05,29557,1863,353019
2026-06-23,Tue,389.5,389.63,389.5,389.57,891836.0,392.56,392.85,388.59,389.62,4.26,391.6611,-0.05,506961,380701,125589,671,75.19,392.15,300810,59.34,206151,79891,125589,38.88,-45698,4624,300810
2026-06-24,Wed,380.08,382.8,378.68,382.65,27708.0,380.01,382.75,378.6,382.62,4.15,379.8319,0.03,276478,227303,48919,256,82.29,379.7,183667,66.43,92811,43636,48919,47.15,-5283,2713,183667
2026-06-25,Thu,375.45,379.24,374.57,378.42,38344.0,375.54,379.1,374.57,378.29,4.53,375.6957,0.13,360853,317176,42504,1173,88.18,375.38,257819,71.45,103034,59357,42504,58.27,16853,3136,257819
2026-06-26,Fri,370.12,371.59,369.61,371.3,38309.0,370.15,371.64,369.59,371.24,2.05,370.4863,0.06,371321,267975,102808,538,72.27,370.5,213729,57.56,157592,54246,102808,34.54,-48562,4104,213729
2026-06-29,Mon,381.79,382.61,379.3,381.39,64539.0,381.85,382.6,379.3,381.39,3.3,381.111,0.0,350796,278437,70223,2136,79.86,381.22,224904,64.11,125892,53533,70223,43.26,-16690,3372,224904
2026-06-30,Tue,406.19,409.7,406.13,408.49,46802.0,405.97,409.74,405.97,408.32,3.77,406.7094,0.17,343072,83916,258966,190,24.47,406.05,228950,66.74,114122,83916,30016,73.65,53900,3775,228950
2026-07-01,Wed,421.47,425.15,421.34,424.83,82598.0,421.41,425.18,421.41,424.8,3.77,423.2611,0.03,429373,175300,252304,1769,41.0,422.08,186752,43.49,242621,175300,65552,72.78,109748,5258,186752
2026-07-02,Thu,428.12,428.95,426.46,428.5,46677.0,428.25,428.95,426.44,428.5,2.51,428.0866,0.0,235857,193955,41315,587,82.44,428.29,153668,65.15,82189,40287,41315,49.37,-1028,1927,153668
2026-07-06,Mon,397.02,399.95001,396.86,399.635,1032384.0,397.62,400.17,395.77,399.96,4.4,397.4434,-0.325,567396,455461,110453,1482,80.48,397.0,310474,54.72,256922,144987,110453,56.76,34534,4021,310474
2026-07-07,Tue,416.76,418.71,416.76,417.61,538455.0,416.76,418.9,414.55,417.78,4.35,416.7472,-0.17,321108,55751,264996,361,17.38,416.72,219436,68.34,101672,55751,45560,55.03,10191,2761,219436
2026-07-08,Wed,399.38,399.63,397.35,397.37,465468.0,399.31,399.5,397.31,397.36,2.19,399.0399,0.01,253861,202622,48769,2470,80.6,399.31,179257,70.61,74604,23365,48769,32.39,-25404,2004,179257
2026-07-09,Thu,393.92,395.51,392.2,394.51,29832.0,393.99,395.51,392.21,394.56,3.3,393.7219,-0.05,227699,179209,48490,0,78.7,393.59,141902,62.32,85797,37307,48490,43.48,-11183,2024,141902
2026-07-10,Fri,410.5,412.25,408.81,409.0,48845.0,410.59,412.29,408.8,408.84,3.49,410.867,0.16,347137,98416,248036,685,28.41,410.8,192270,55.39,154867,98416,55766,63.83,42650,2112,192270
2026-07-13,Mon,404.61,405.4,400.24,401.77,498224.0,404.62,405.6,400.27,401.565,5.33,403.7681,0.205,246707,45151,201162,394,18.33,404.54,137078,55.56,109629,45151,64084,41.33,-18933,2227,137078
2026-07-14,Tue,400.28,400.28,397.31,397.72501,248312.0,399.16,400.82,397.25,397.76,3.57,399.1093,-0.035,230597,194424,35422,751,84.59,399.05,146640,63.59,83957,47784,35422,57.43,12362,1721,146640
2026-07-15,Wed,399.39,402.52,399.39,400.91,47684.0,399.48,402.55,399.47,400.9,3.08,400.3176,0.01,267274,237721,29448,105,88.98,399.47,145593,54.47,121681,92128,29448,75.78,62680,2503,145593
2026-07-16,Thu,392.2,392.35,388.44,388.55,54215.0,392.2,392.2,388.41,388.41,3.79,390.7799,0.14,298908,155640,143104,164,52.1,392.0,119605,40.01,179303,36035,143104,20.12,-107069,5852,119605
2026-07-17,Fri,381.72,382.28,379.98,381.45,48520.0,382.16,382.4,379.99,381.5,2.41,381.2845,-0.05,1046201,67629,977702,870,6.47,381.38,861252,82.32,184949,67629,116450,36.74,-48821,4992,861252
2026-07-20,Mon,384.11,384.13,384.11,384.13,373635.0,386.16,386.59,383.5,384.29,3.09,385.8283,-0.16,225167,202240,22890,37,89.83,386.08,175751,78.05,49416,26489,22890,53.64,3599,1566,175751
2026-07-21,Tue,371.31,374.48,369.96,374.26,41531.0,371.34,374.48,369.95,374.1,4.53,371.0992,0.16,352318,284494,67559,265,80.81,370.66,222397,63.12,129921,62097,67559,47.89,-5462,3200,222397
2026-07-22,Wed,375.371,377.465,375.371,377.465,421490.0,375.68,377.8,374.93,377.67,2.87,375.9442,-0.205,218378,173684,44514,180,79.6,375.79,142840,65.41,75538,30844,44514,40.93,-13670,2086,142840
2026-07-23,Thu,341.03,342.11,336.82,336.82,205657.0,341.37,342.0,336.82,336.83,5.18,340.2135,-0.01,1430504,142717,1279747,8040,10.03,341.0,852710,59.61,577794,142717,427037,25.05,-284320,15672,852710
2026-07-24,Fri,320.72,322.68,320.0,321.0,58063.0,320.9,322.69,320.01,320.97,2.68,320.8043,0.03,604571,65022,539203,346,10.76,320.71,463844,76.72,140727,65022,75359,46.32,-10337,2659,463844
2026-07-27,Mon,313.18,315.15,310.84,314.78,88597.0,313.35,315.15,310.84,314.64,4.31,312.6128,0.14,647431,99746,532078,15607,15.79,312.73,375614,58.02,271817,99746,156464,38.93,-56718,12488,375614
2026-07-28,Tue,306.15,307.18,303.85,305.53,48439.0,305.76,307.19,303.83,305.52,3.36,305.4699,0.01,470684,96272,373843,569,20.48,305.5,316103,67.16,154581,96272,57740,62.51,38532,3905,316103
2026-07-29,Wed,307.43,309.06,306.53,306.98,19164.0,307.29,309.06,306.53,306.905,2.53,307.0555,0.075,315744,46661,268781,302,14.79,306.85,232522,73.64,83222,46661,36259,56.27,10402,1794,232522
